,PassengerId,Survived,Pclass,Sex,Age,Ticket,Fare,Embarked,Title,Surname,Name_Length,Name_WordCount,Has_Parentheses,FamilySize,FamilyID,Title_Group_Clergy,Title_Group_Master,Title_Group_Miss,Title_Group_Mr,Title_Group_Mrs,Title_Group_Rare,FamilyID_Mod_Large,FamilyID_Mod_Small
0,1,0,3,1,22.0,523,7.25,2,3,73,23,4,0,2,77,False,False,False,True,False,False,False,True
1,2,1,1,0,38.0,596,71.2833,0,4,136,51,7,1,2,143,False,False,False,False,True,False,False,True
2,3,1,3,0,26.0,669,7.925,2,2,251,22,3,0,1,268,False,False,True,False,False,False,False,True
3,4,1,1,0,35.0,49,53.1,2,4,198,44,7,1,2,208,False,False,False,False,True,False,False,True
4,5,0,3,1,35.0,472,8.05,2,3,11,24,4,0,1,11,False,False,False,True,False,False,False,True
5,6,0,3,1,28.0,275,8.4583,1,3,409,16,3,0,1,434,False,False,False,True,False,False,False,True
6,7,0,1,1,54.0,85,51.8625,2,3,378,23,4,0,1,401,False,False,False,True,False,False,False,True
7,8,0,3,1,2.0,395,21.075,2,1,463,30,4,0,5,492,False,True,False,False,False,False,True,False
8,9,1,3,0,27.0,344,11.1333,2,4,292,49,7,1,3,314,False,False,False,False,True,False,False,True
9,10,1,2,0,14.0,132,30.0708,0,4,426,35,5,1,2,452,False,False,False,False,True,False,False,True
10,11,1,3,0,4.0,616,16.7,2,2,537,31,4,0,3,568,False,False,True,False,False,False,False,True
11,12,1,1,0,58.0,38,26.55,2,2,65,24,3,0,1,68,False,False,True,False,False,False,False,True
12,13,0,3,1,20.0,535,8.05,2,3,538,30,4,0,1,569,False,False,False,True,False,False,False,True
13,14,0,3,1,39.0,333,31.275,2,3,16,27,4,0,7,17,False,False,False,True,False,False,True,False
14,15,0,3,0,14.0,413,7.8542,2,2,626,36,5,0,1,659,False,False,True,False,False,False,False,True
15,16,1,2,0,55.0,153,16.0,2,4,256,32,5,1,1,273,False,False,False,False,True,False,False,True
16,17,0,3,1,2.0,480,29.125,1,1,505,20,3,0,6,535,False,True,False,False,False,False,True,False
17,18,1,2,1,28.0,151,13.0,2,3,647,28,4,0,1,681,False,False,False,True,False,False,False,True
18,19,0,3,0,31.0,301,18.0,2,4,625,55,7,1,2,657,False,False,False,False,True,False,False,True
19,20,1,3,0,28.0,184,7.225,0,4,375,23,3,0,1,398,False,False,False,False,True,False,False,True
20,21,0,2,1,35.0,139,26.0,2,3,199,20,4,0,1,209,False,False,False,True,False,False,False,True
21,22,1,2,1,34.0,152,13.0,2,3,51,21,3,0,1,54,False,False,False,True,False,False,False,True
22,23,1,3,0,15.0,278,8.0292,1,2,385,27,4,0,1,408,False,False,True,False,False,False,False,True
23,24,1,1,1,28.0,42,35.5,2,3,568,28,4,0,1,599,False,False,False,True,False,False,False,True
24,25,0,3,0,8.0,395,21.075,2,2,463,29,4,0,5,492,False,False,True,False,False,False,True,False
25,26,1,3,0,38.0,329,31.3875,2,4,25,57,8,1,7,27,False,False,False,False,True,False,True,False
26,27,0,3,1,28.0,179,7.225,0,3,176,23,4,0,1,185,False,False,False,True,False,False,False,True
27,28,0,1,1,19.0,95,263.0,2,3,189,30,4,0,6,198,False,False,False,True,False,False,True,False
28,29,1,3,0,28.0,283,7.8792,1,2,448,29,4,0,1,476,False,False,True,False,False,False,False,True
29,30,0,3,1,28.0,362,7.8958,2,3,604,19,3,0,1,636,False,False,False,True,False,False,False,True
30,31,0,1,1,40.0,598,27.7208,0,6,618,24,4,0,1,650,False,False,False,False,False,True,False,True
31,32,1,1,0,28.0,586,146.5208,0,4,576,46,6,1,2,607,False,False,False,False,True,False,False,True
32,33,1,3,0,28.0,288,7.75,1,2,215,24,4,0,1,225,False,False,True,False,False,False,False,True
33,34,0,2,1,66.0,549,10.5,2,3,639,21,4,0,1,672,False,False,False,True,False,False,False,True
34,35,0,1,1,28.0,600,82.1708,0,3,395,23,4,0,2,419,False,False,False,True,False,False,False,True
35,36,0,1,1,42.0,43,52.0,2,3,265,30,4,0,2,283,False,False,False,True,False,False,False,True
36,37,1,3,1,28.0,202,7.2292,0,3,368,16,3,0,1,391,False,False,False,True,False,False,False,True
37,38,0,3,1,21.0,514,8.05,2,3,93,24,4,0,1,98,False,False,False,True,False,False,False,True
38,39,0,3,0,18.0,302,18.0,2,2,625,34,5,0,3,658,False,False,True,False,False,False,False,True
39,40,1,3,0,14.0,186,11.2417,0,2,434,27,3,0,2,461,False,False,True,False,False,False,False,True
40,41,0,3,0,40.0,507,9.475,2,4,5,46,6,1,2,5,False,False,False,False,True,False,False,True
41,42,0,2,0,27.0,53,21.0,2,4,617,56,8,1,2,649,False,False,False,False,True,False,False,True
42,43,0,3,1,28.0,391,7.8958,0,3,318,19,3,0,1,341,False,False,False,True,False,False,False,True
43,44,1,2,0,3.0,634,41.5792,0,2,327,40,6,0,4,350,False,False,True,False,False,False,True,False
44,45,1,3,0,19.0,282,7.8792,1,2,153,29,4,0,1,161,False,False,True,False,False,False,False,True
45,46,0,3,1,28.0,617,8.05,2,3,516,24,4,0,1,547,False,False,False,True,False,False,False,True
46,47,0,3,1,28.0,462,15.5,1,3,338,17,3,0,2,361,False,False,False,True,False,False,False,True
47,48,1,3,0,28.0,76,7.75,1,2,447,25,3,0,1,475,False,False,True,False,False,False,False,True
48,49,0,3,1,28.0,190,21.6792,0,3,536,19,3,0,3,567,False,False,False,True,False,False,False,True
49,50,0,3,0,18.0,377,17.8,2,4,22,45,5,1,2,24,False,False,False,False,True,False,False,True
50,51,0,3,1,7.0,249,39.6875,2,1,464,26,4,0,6,493,False,True,False,False,False,False,True,False
51,52,0,3,1,21.0,522,7.8,2,3,439,28,4,0,1,466,False,False,False,True,False,False,False,True
52,53,1,1,0,49.0,587,76.7292,0,4,239,40,6,1,2,253,False,False,False,False,True,False,False,True
53,54,1,2,0,29.0,239,26.0,2,4,182,50,6,1,2,191,False,False,False,False,True,False,False,True
54,55,0,1,1,65.0,29,61.9792,0,3,459,30,4,0,2,488,False,False,False,True,False,False,False,True
55,56,1,1,1,28.0,94,35.5,2,3,651,17,3,0,1,685,False,False,False,True,False,False,False,True
56,57,1,2,0,21.0,555,10.5,2,2,525,17,3,0,1,556,False,False,True,False,False,False,False,True
57,58,0,3,1,28.5,215,7.2292,0,3,440,19,3,0,1,467,False,False,False,True,False,False,False,True
58,59,1,2,0,5.0,561,27.75,2,2,638,28,4,0,4,671,False,False,True,False,False,False,True,False
59,60,0,3,1,11.0,566,46.9,2,1,220,34,4,0,8,230,False,True,False,False,False,False,True,False
60,61,0,3,1,22.0,197,7.2292,0,3,557,21,3,0,1,588,False,False,False,True,False,False,False,True
61,62,1,1,0,38.0,32,80.0,2,2,275,19,3,0,1,294,False,False,True,False,False,False,False,True
62,63,0,1,1,45.0,457,83.475,2,3,241,27,4,0,2,256,False,False,False,True,False,False,False,True
63,64,0,3,1,4.0,337,27.9,2,1,563,21,3,0,6,594,False,True,False,False,False,False,True,False
64,65,0,1,1,28.0,601,27.7208,0,3,583,21,4,0,1,614,False,False,False,True,False,False,False,True
65,66,1,3,1,3.5,189,15.2458,0,1,414,24,3,0,3,440,False,True,False,False,False,False,False,True
66,67,1,2,0,29.0,553,10.5,2,4,441,28,4,1,1,468,False,False,False,False,True,False,False,True
67,68,0,3,1,19.0,623,8.1583,2,3,132,24,4,0,1,139,False,False,False,True,False,False,False,True
68,69,1,3,0,17.0,248,7.925,2,2,16,31,4,0,7,17,False,False,True,False,False,False,True,False
69,70,0,3,1,26.0,270,8.6625,2,3,312,17,3,0,3,336,False,False,False,True,False,False,False,True
70,71,0,2,1,32.0,557,10.5,2,3,285,26,4,0,1,305,False,False,False,True,False,False,False,True
71,72,0,3,0,16.0,566,46.9,2,2,220,26,4,0,8,230,False,False,True,False,False,False,True,False
72,73,0,2,1,21.0,621,73.5,2,3,268,20,4,0,1,286,False,False,False,True,False,False,False,True
73,74,0,3,1,26.0,204,14.4542,0,3,112,27,3,0,2,119,False,False,False,True,False,False,False,True
74,75,1,3,1,32.0,80,56.4958,2,3,58,13,3,0,1,61,False,False,False,True,False,False,False,True
75,76,0,3,1,25.0,347,7.65,2,3,404,23,4,0,1,429,False,False,False,True,False,False,False,True
76,77,0,3,1,28.0,355,7.8958,2,3,578,17,3,0,1,609,False,False,False,True,False,False,False,True
77,78,0,3,1,28.0,473,8.05,2,3,416,24,4,0,1,442,False,False,False,True,False,False,False,True
78,79,1,2,1,0.83,158,29.0,2,1,88,29,4,0,3,93,False,True,False,False,False,False,False,True
79,80,1,3,0,30.0,432,12.475,2,2,162,24,3,0,1,170,False,False,True,False,False,False,False,True
80,81,0,3,1,22.0,304,9.0,2,3,628,20,3,0,1,661,False,False,False,True,False,False,False,True
81,82,1,3,1,29.0,311,9.5,2,3,546,27,4,0,1,577,False,False,False,True,False,False,False,True
82,83,1,3,0,28.0,280,7.7875,1,2,381,30,4,0,1,404,False,False,True,False,False,False,False,True
83,84,0,1,1,28.0,25,47.1,2,3,99,23,4,0,1,104,False,False,False,True,False,False,False,True
84,85,1,2,0,17.0,637,10.5,2,2,276,19,3,0,1,295,False,False,True,False,False,False,False,True
85,86,1,3,0,33.0,247,15.85,2,4,31,55,7,1,4,34,False,False,False,False,True,False,True,False
86,87,0,3,1,16.0,676,34.375,2,3,187,22,4,0,5,196,False,False,False,True,False,False,True,False
87,88,0,3,1,28.0,652,8.05,2,3,567,29,4,0,1,598,False,False,False,True,False,False,False,True
88,89,1,1,0,23.0,95,263.0,2,2,189,26,4,0,6,198,False,False,True,False,False,False,True,False
89,90,0,3,1,24.0,297,8.05,2,3,102,22,3,0,1,108,False,False,False,True,False,False,False,True
90,91,0,3,1,29.0,298,8.05,2,3,110,20,3,0,1,117,False,False,False,True,False,False,False,True
91,92,0,3,1,20.0,341,7.8542,2,3,17,26,4,0,1,18,False,False,False,True,False,False,False,True
92,93,0,1,1,46.0,678,61.175,2,3,103,27,4,0,2,109,False,False,False,True,False,False,False,True
93,94,0,3,1,26.0,548,20.575,2,3,150,23,4,0,4,158,False,False,False,True,False,False,True,False
94,95,0,3,1,59.0,428,7.25,2,3,131,17,3,0,1,138,False,False,False,True,False,False,False,True
95,96,0,3,1,28.0,475,8.05,2,3,549,27,4,0,1,580,False,False,False,True,False,False,False,True
96,97,0,1,1,71.0,607,34.6542,0,3,217,25,4,0,1,227,False,False,False,True,False,False,False,True
97,98,1,1,1,23.0,612,63.3583,0,3,224,31,4,0,2,235,False,False,False,True,False,False,False,True
98,99,1,2,0,34.0,117,23.0,2,4,158,36,7,1,2,166,False,False,False,False,True,False,False,True
99,100,0,2,1,34.0,150,26.0,2,3,299,17,3,0,2,322,False,False,False,True,False,False,False,True
100,101,0,3,0,28.0,384,7.8958,2,2,484,23,3,0,1,513,False,False,True,False,False,False,False,True
101,102,0,3,1,28.0,361,7.8958,2,3,485,32,4,1,1,514,False,False,False,True,False,False,False,True
102,103,0,1,1,21.0,417,77.2875,2,3,640,25,4,0,2,673,False,False,False,True,False,False,False,True
103,104,0,3,1,33.0,505,8.6542,2,3,291,26,4,0,1,312,False,False,False,True,False,False,False,True
104,105,0,3,1,37.0,245,7.925,2,3,227,30,4,0,3,239,False,False,False,True,False,False,False,True
105,106,0,3,1,28.0,354,7.8958,2,3,400,21,3,0,1,425,False,False,False,True,False,False,False,True
106,107,1,3,0,21.0,296,7.65,2,2,534,32,4,0,1,565,False,False,True,False,False,False,False,True
107,108,1,3,1,28.0,254,7.775,2,3,413,22,4,0,1,439,False,False,False,True,False,False,False,True
108,109,0,3,1,38.0,388,7.8958,2,3,501,15,3,0,1,530,False,False,False,True,False,False,False,True
109,110,1,3,0,28.0,469,24.15,1,2,409,19,3,0,2,435,False,False,True,False,False,False,False,True
110,111,0,1,1,47.0,2,52.0,2,3,494,30,4,0,1,523,False,False,False,True,False,False,False,True
111,112,0,3,0,14.5,193,14.4542,0,2,659,20,3,0,2,693,False,False,True,False,False,False,False,True
112,113,0,3,1,22.0,274,8.05,2,3,42,22,4,0,1,45,False,False,False,True,False,False,False,True
113,114,0,3,0,20.0,491,9.825,2,2,296,23,3,0,2,319,False,False,True,False,False,False,False,True
114,115,0,3,0,17.0,176,14.4583,0,2,27,21,3,0,1,29,False,False,True,False,False,False,False,True
115,116,0,3,1,21.0,666,7.925,2,3,475,21,3,0,1,504,False,False,False,True,False,False,False,True
116,117,0,3,1,70.5,460,7.75,1,3,126,20,3,0,1,133,False,False,False,True,False,False,False,True
117,118,0,2,1,29.0,53,21.0,2,3,617,31,5,0,2,649,False,False,False,True,False,False,False,True
118,119,0,1,1,24.0,585,247.5208,0,3,45,24,4,0,2,48,False,False,False,True,False,False,False,True
119,120,0,3,0,2.0,333,31.275,2,2,16,33,5,0,7,17,False,False,True,False,False,False,True,False
120,121,0,2,1,21.0,621,73.5,2,3,257,27,4,0,3,274,False,False,False,True,False,False,False,True
121,122,0,3,1,28.0,540,8.05,2,3,408,26,4,0,1,433,False,False,False,True,False,False,False,True
122,123,0,2,1,32.5,132,30.0708,0,3,426,20,3,0,2,452,False,False,False,True,False,False,False,True
123,124,1,2,0,32.5,219,13.0,2,2,634,19,3,0,1,667,False,False,True,False,False,False,False,True
124,125,0,1,1,54.0,417,77.2875,2,3,640,27,4,0,2,673,False,False,False,True,False,False,False,True
125,126,1,3,1,12.0,186,11.2417,0,1,434,28,3,0,2,461,False,True,False,False,False,False,False,True
126,127,0,3,1,28.0,463,7.75,1,3,387,19,3,0,1,410,False,False,False,True,False,False,False,True
127,128,1,3,1,24.0,541,7.1417,2,3,363,25,4,0,1,386,False,False,False,True,False,False,False,True
128,129,1,3,0,28.0,196,22.3583,0,2,482,17,3,0,3,511,False,False,True,False,False,False,False,True
129,130,0,3,1,45.0,318,6.975,2,3,172,18,3,0,1,180,False,False,False,True,False,False,False,True
130,131,0,3,1,33.0,380,7.8958,0,3,164,20,3,0,1,172,False,False,False,True,False,False,False,True
131,132,0,3,1,20.0,640,7.05,2,3,116,30,4,0,1,123,False,False,False,True,False,False,False,True
132,133,0,3,0,47.0,537,14.5,2,4,514,46,7,1,2,545,False,False,False,False,True,False,False,True
133,134,1,2,0,29.0,111,26.0,2,4,636,45,6,1,2,669,False,False,False,False,True,False,False,True
134,135,0,2,1,25.0,552,13.0,2,3,572,30,5,0,1,603,False,False,False,True,False,False,False,True
135,136,0,2,1,23.0,630,15.0458,0,3,506,18,3,0,1,536,False,False,False,True,False,False,False,True
136,137,1,1,0,19.0,55,26.2833,2,2,431,28,4,0,3,458,False,False,True,False,False,False,False,True
137,138,0,1,1,37.0,49,53.1,2,3,198,27,4,0,2,208,False,False,False,True,False,False,False,True
138,139,0,3,1,16.0,504,9.2167,2,3,457,19,4,0,1,486,False,False,False,True,False,False,False,True
139,140,0,1,1,24.0,592,79.2,0,3,208,18,3,0,1,218,False,False,False,True,False,False,False,True
140,141,0,3,0,28.0,203,15.2458,0,4,67,29,4,1,3,71,False,False,False,False,True,False,False,True
141,142,1,3,0,22.0,332,7.75,2,2,442,24,4,0,1,469,False,False,True,False,False,False,False,True
142,143,1,3,0,24.0,668,15.85,2,4,230,52,7,1,2,242,False,False,False,False,True,False,False,True
143,144,0,3,1,19.0,438,6.75,1,3,78,19,3,0,1,83,False,False,False,True,False,False,False,True
144,145,0,2,1,18.0,118,11.5,2,3,18,26,4,0,1,19,False,False,False,True,False,False,False,True
145,146,0,2,1,19.0,558,36.75,2,3,432,28,4,0,3,459,False,False,False,True,False,False,False,True
146,147,1,3,1,27.0,405,7.7958,2,3,16,44,5,1,1,16,False,False,False,True,False,False,False,True
147,148,0,3,0,9.0,676,34.375,2,2,187,32,5,0,5,196,False,False,True,False,False,False,True,False
148,149,0,2,1,36.5,113,26.0,2,3,428,40,6,1,3,454,False,False,False,True,False,False,False,True
149,150,0,2,1,42.0,147,13.0,2,0,83,33,5,0,1,88,True,False,False,False,False,False,False,True
150,151,0,2,1,51.0,622,12.525,2,0,43,26,4,0,1,46,True,False,False,False,False,False,False,True
151,152,1,1,0,22.0,36,66.6,2,4,473,33,5,1,2,502,False,False,False,False,True,False,False,True
152,153,0,3,1,55.5,516,8.05,2,3,393,16,3,0,1,416,False,False,False,True,False,False,False,True
153,154,0,3,1,40.5,538,14.5,2,3,665,31,5,0,3,699,False,False,False,True,False,False,False,True
154,155,0,3,1,28.0,573,7.3125,2,3,453,21,4,0,1,481,False,False,False,True,False,False,False,True
155,156,0,1,1,51.0,595,61.3792,0,3,647,27,4,0,2,682,False,False,False,True,False,False,False,True
156,157,1,3,0,16.0,418,7.7333,1,2,213,32,4,0,1,223,False,False,True,False,False,False,False,True
157,158,0,3,1,30.0,654,8.05,2,3,129,15,3,0,1,136,False,False,False,True,False,False,False,True
158,159,0,3,1,28.0,258,8.6625,2,3,570,19,3,0,1,601,False,False,False,True,False,False,False,True
159,160,0,3,1,3.5,568,69.55,2,1,532,26,4,0,11,563,False,True,False,False,False,False,True,False
160,161,0,3,1,44.0,470,16.1,2,3,133,24,4,0,2,140,False,False,False,True,False,False,False,True
161,162,1,2,0,40.0,559,15.75,2,4,633,50,7,1,1,666,False,False,False,False,True,False,False,True
162,163,0,3,1,26.0,323,7.775,2,3,53,26,4,0,1,56,False,False,False,True,False,False,False,True
163,164,0,3,1,17.0,265,8.6625,2,3,89,15,3,0,1,94,False,False,False,True,False,False,False,True
164,165,0,3,1,1.0,249,39.6875,2,1,464,28,4,0,6,493,False,True,False,False,False,False,True,False
165,166,1,3,1,9.0,423,20.525,2,1,218,47,6,0,3,228,False,True,False,False,False,False,False,True
166,167,1,1,0,28.0,28,55.0,2,4,108,38,5,1,2,115,False,False,False,False,True,False,False,True
167,168,0,3,0,45.0,337,27.9,2,4,563,47,6,1,6,594,False,False,False,False,True,False,True,False
168,169,0,1,1,28.0,576,25.925,2,3,44,19,4,0,1,47,False,False,False,True,False,False,False,True
169,170,0,3,1,28.0,80,56.4958,2,3,351,13,3,0,1,374,False,False,False,True,False,False,False,True
170,171,0,1,1,61.0,5,33.5,2,3,620,25,5,0,1,652,False,False,False,True,False,False,False,True
171,172,0,3,1,4.0,480,29.125,1,1,505,20,3,0,6,535,False,True,False,False,False,False,True,False
172,173,1,3,0,1.0,344,11.1333,2,2,292,28,4,0,3,314,False,False,True,False,False,False,False,True
173,174,0,3,1,21.0,659,7.925,2,3,560,25,4,0,1,591,False,False,False,True,False,False,False,True
174,175,0,1,1,56.0,90,30.6958,0,3,571,23,4,0,1,602,False,False,False,True,False,False,False,True
175,176,0,3,1,18.0,412,7.8542,2,3,316,22,4,0,3,339,False,False,False,True,False,False,False,True
176,177,0,3,1,3.5,488,25.4667,2,1,332,29,4,0,5,355,False,True,False,False,False,False,True,False
177,178,0,1,0,50.0,593,28.7125,0,2,278,26,4,0,1,297,False,False,True,False,False,False,False,True
178,179,0,2,1,30.0,169,13.0,2,3,231,18,3,0,1,243,False,False,False,True,False,False,False,True
179,180,0,3,1,36.0,574,0.0,2,3,339,19,3,0,1,362,False,False,False,True,False,False,False,True
180,181,0,3,0,28.0,568,69.55,2,2,532,28,4,0,11,563,False,False,True,False,False,False,True,False
181,182,0,2,1,28.0,629,15.05,0,3,479,16,3,0,1,508,False,False,False,True,False,False,False,True
182,183,0,3,1,9.0,329,31.3875,2,1,25,37,5,0,7,27,False,True,False,False,False,False,True,False
183,184,1,2,1,1.0,114,39.0,2,1,49,25,4,0,4,52,False,True,False,False,False,False,True,False
184,185,1,3,0,4.0,271,22.025,2,2,313,35,4,0,3,335,False,False,True,False,False,False,False,True
185,186,0,1,1,28.0,34,50.0,2,3,519,21,4,0,1,550,False,False,False,True,False,False,False,True
186,187,1,3,0,28.0,459,15.5,1,4,444,47,6,1,2,472,False,False,False,False,True,False,False,True
187,188,1,1,1,45.0,11,26.55,2,3,517,45,7,1,1,548,False,False,False,True,False,False,False,True
188,189,0,3,1,40.0,435,15.5,1,3,68,16,3,0,3,72,False,False,False,True,False,False,False,True
189,190,0,3,1,36.0,386,7.8958,2,3,614,19,3,0,1,646,False,False,False,True,False,False,False,True
190,191,1,2,0,32.0,122,13.0,2,4,491,19,3,1,1,520,False,False,False,False,True,False,False,True
191,192,0,2,1,19.0,227,13.0,2,3,95,21,3,0,1,100,False,False,False,True,False,False,False,True
192,193,1,3,0,19.0,406,7.8542,2,2,14,47,5,0,2,14,False,False,True,False,False,False,False,True
193,194,1,2,1,3.0,113,26.0,2,1,428,26,4,0,3,454,False,True,False,False,False,False,False,True
194,195,1,1,0,44.0,604,27.7208,0,4,76,41,6,1,1,80,False,False,False,False,True,False,False,True
195,196,1,1,0,58.0,586,146.5208,0,2,359,20,3,0,1,382,False,False,True,False,False,False,False,True
196,197,0,3,1,28.0,452,7.75,1,3,394,19,3,0,1,417,False,False,False,True,False,False,False,True
197,198,0,3,1,42.0,494,8.4042,2,3,453,32,5,0,2,482,False,False,False,True,False,False,False,True
198,199,1,3,0,28.0,461,7.75,1,2,361,32,4,0,1,384,False,False,True,False,False,False,False,True
199,200,0,2,0,24.0,160,13.0,2,2,658,38,5,1,1,692,False,False,True,False,False,False,False,True
200,201,0,3,1,28.0,306,9.5,2,3,622,30,5,0,1,654,False,False,False,True,False,False,False,True
201,202,0,3,1,28.0,568,69.55,2,3,532,19,3,0,11,563,False,False,False,True,False,False,True,False
202,203,0,3,1,34.0,242,6.4958,2,3,290,26,4,0,1,311,False,False,False,True,False,False,False,True
203,204,0,3,1,45.5,177,7.225,0,3,655,20,3,0,1,689,False,False,False,True,False,False,False,True
204,205,1,3,1,18.0,530,8.05,2,3,117,24,4,0,1,124,False,False,False,True,False,False,False,True
205,206,0,3,0,2.0,316,10.4625,2,2,588,26,4,0,2,619,False,False,True,False,False,False,False,True
206,207,0,3,1,32.0,247,15.85,2,3,31,26,4,0,2,33,False,False,False,True,False,False,False,True
207,208,1,3,1,26.0,216,18.7875,0,3,7,27,4,0,1,7,False,False,False,True,False,False,False,True
208,209,1,3,0,16.0,445,7.75,1,2,98,25,4,0,1,103,False,False,True,False,False,False,False,True
209,210,1,1,1,40.0,17,31.0,0,3,64,16,3,0,1,67,False,False,False,True,False,False,False,True
210,211,0,3,1,24.0,642,7.05,2,3,10,14,3,0,1,10,False,False,False,True,False,False,False,True
211,212,1,2,0,35.0,570,21.0,2,2,90,26,4,0,1,95,False,False,True,False,False,False,False,True
212,213,0,3,1,22.0,526,7.25,2,3,478,22,4,0,1,507,False,False,False,True,False,False,False,True
213,214,0,2,1,30.0,163,13.0,2,3,214,27,4,0,1,224,False,False,False,True,False,False,False,True
214,215,0,3,1,28.0,443,7.75,1,3,309,19,3,0,2,332,False,False,False,True,False,False,False,True
215,216,1,1,0,31.0,416,113.275,0,2,430,23,3,0,2,456,False,False,True,False,False,False,False,True
216,217,1,3,0,27.0,670,7.925,2,2,267,22,3,0,1,285,False,False,True,False,False,False,False,True
217,218,0,2,1,42.0,142,27.0,2,3,280,28,4,0,2,299,False,False,False,True,False,False,False,True
218,219,1,1,0,32.0,63,76.2917,0,2,46,21,3,0,1,49,False,False,True,False,False,False,False,True
219,220,0,2,1,30.0,679,10.5,2,3,241,18,3,0,1,255,False,False,False,True,False,False,False,True
220,221,1,3,1,16.0,653,8.05,2,3,589,30,4,0,1,621,False,False,False,True,False,False,False,True
221,222,0,2,1,27.0,105,13.0,2,3,71,20,4,0,1,75,False,False,False,True,False,False,False,True
222,223,0,3,1,51.0,102,8.05,2,3,222,23,4,0,1,233,False,False,False,True,False,False,False,True
223,224,0,3,1,28.0,375,7.8958,2,3,429,20,3,0,1,455,False,False,False,True,False,False,False,True
224,225,1,1,1,38.0,93,90.0,2,3,271,28,4,0,2,290,False,False,False,True,False,False,False,True
225,226,0,3,1,22.0,615,9.35,2,3,54,28,5,0,1,57,False,False,False,True,False,False,False,True
226,227,1,2,1,19.0,672,10.5,2,3,392,25,4,0,1,415,False,False,False,True,False,False,False,True
227,228,0,3,1,20.5,525,7.25,2,3,356,31,5,1,1,379,False,False,False,True,False,False,False,True
228,229,0,2,1,18.0,125,13.0,2,3,179,25,4,0,1,188,False,False,False,True,False,False,False,True
229,230,0,3,0,28.0,488,25.4667,2,2,332,23,3,0,5,355,False,False,True,False,False,False,True,False
230,231,1,1,0,35.0,457,83.475,2,4,241,44,6,1,2,256,False,False,False,False,True,False,False,True
231,232,0,3,1,29.0,322,7.775,2,3,328,24,4,0,1,351,False,False,False,True,False,False,False,True
232,233,0,2,1,59.0,128,13.5,2,3,562,25,4,0,1,593,False,False,False,True,False,False,False,True
233,234,1,3,0,5.0,329,31.3875,2,2,25,30,4,0,7,27,False,False,True,False,False,False,True,False
234,235,0,2,1,24.0,554,10.5,2,3,344,33,5,0,1,367,False,False,False,True,False,False,False,True
235,236,0,3,0,28.0,677,7.55,2,2,237,28,4,0,1,251,False,False,True,False,False,False,False,True
236,237,0,2,1,44.0,198,26.0,2,3,263,17,3,0,2,281,False,False,False,True,False,False,False,True
237,238,1,2,0,8.0,556,26.25,2,2,122,32,4,0,3,129,False,False,True,False,False,False,False,True
238,239,0,2,1,19.0,231,10.5,2,3,477,31,4,0,1,506,False,False,False,True,False,False,False,True
239,240,0,2,1,33.0,636,12.275,2,3,273,22,4,0,1,292,False,False,False,True,False,False,False,True
240,241,0,3,0,28.0,193,14.4542,0,2,659,21,3,0,2,693,False,False,True,False,False,False,False,True
241,242,1,3,0,28.0,444,15.5,1,2,420,30,4,0,2,446,False,False,True,False,False,False,False,True
242,243,0,2,1,29.0,674,10.5,2,3,119,31,4,0,1,126,False,False,False,True,False,False,False,True
243,244,0,3,1,22.0,658,7.125,2,3,364,29,4,0,1,387,False,False,False,True,False,False,False,True
244,245,0,3,1,30.0,213,7.225,0,3,27,20,3,0,1,29,False,False,False,True,False,False,False,True
245,246,0,1,1,44.0,92,90.0,1,5,398,27,4,0,3,423,False,False,False,False,False,True,False,True
246,247,0,3,0,25.0,325,7.775,2,2,346,37,5,0,1,369,False,False,True,False,False,False,False,True
247,248,1,2,0,24.0,166,14.5,2,4,232,31,4,1,3,244,False,False,False,False,True,False,False,True
248,249,1,1,1,37.0,54,52.5542,2,3,50,29,4,0,3,53,False,False,False,True,False,False,False,True
249,250,0,2,1,54.0,144,26.0,2,0,100,29,4,0,2,105,True,False,False,False,False,False,False,True
250,251,0,3,1,28.0,422,7.25,2,3,499,22,4,0,1,528,False,False,False,True,False,False,False,True
251,252,0,3,0,29.0,316,10.4625,2,4,588,42,6,1,3,620,False,False,False,False,True,False,False,True
252,253,0,1,1,62.0,31,26.55,2,3,581,25,4,0,1,612,False,False,False,True,False,False,False,True
253,254,0,3,1,30.0,536,16.1,2,3,352,24,4,0,2,375,False,False,False,True,False,False,False,True
254,255,0,3,0,41.0,458,20.2125,2,4,520,40,5,1,3,551,False,False,False,False,True,False,False,True
255,256,1,3,0,29.0,185,15.2458,0,4,610,39,6,1,3,642,False,False,False,False,True,False,False,True
256,257,1,1,0,28.0,589,79.2,0,4,600,30,4,0,1,632,False,False,False,False,True,False,False,True
257,258,1,1,0,30.0,0,86.5,2,2,107,20,3,0,1,114,False,False,True,False,False,False,False,True
258,259,1,1,0,35.0,608,512.3292,0,2,630,16,3,0,1,663,False,False,True,False,False,False,False,True
259,260,1,2,0,50.0,115,26.0,2,4,467,27,4,1,2,496,False,False,False,False,True,False,False,True
260,261,0,3,1,28.0,482,7.75,1,3,571,17,3,0,1,602,False,False,False,True,False,False,False,True
261,262,1,3,1,3.0,329,31.3875,2,1,25,33,5,0,7,27,False,True,False,False,False,False,True,False
262,263,0,1,1,52.0,1,79.65,2,3,595,17,3,0,3,627,False,False,False,True,False,False,False,True
263,264,0,1,1,40.0,16,0.0,2,3,242,21,3,0,1,257,False,False,False,True,False,False,False,True
264,265,0,3,0,28.0,478,7.75,1,2,254,18,3,0,1,271,False,False,True,False,False,False,False,True
265,266,0,2,1,36.0,546,10.5,2,3,500,17,3,0,1,529,False,False,False,True,False,False,False,True
266,267,0,3,1,16.0,249,39.6875,2,3,464,25,4,0,6,493,False,False,False,True,False,False,True,False
267,268,1,3,1,25.0,334,7.775,2,3,481,24,4,0,2,510,False,False,False,True,False,False,False,True
268,269,1,1,0,58.0,588,153.4625,2,4,221,45,6,1,2,232,False,False,False,False,True,False,False,True
269,270,1,1,0,35.0,613,135.6333,2,2,61,22,3,0,1,64,False,False,True,False,False,False,False,True
270,271,0,1,1,28.0,47,31.0,2,3,86,21,3,0,1,91,False,False,False,True,False,False,False,True
271,272,1,3,1,25.0,574,0.0,2,3,608,28,4,0,1,640,False,False,False,True,False,False,False,True
272,273,1,2,0,41.0,162,19.5,2,4,391,41,5,1,2,414,False,False,False,False,True,False,False,True
273,274,0,1,1,37.0,594,29.7,0,3,427,21,4,0,2,453,False,False,False,True,False,False,False,True
274,275,1,3,0,28.0,465,7.75,1,2,248,26,4,0,1,265,False,False,True,False,False,False,False,True
275,276,1,1,0,63.0,71,77.9583,2,2,19,33,4,0,2,21,False,False,True,False,False,False,False,True
276,277,0,3,0,45.0,326,7.75,2,2,347,33,4,0,1,370,False,False,True,False,False,False,False,True
277,278,0,2,1,28.0,135,0.0,2,3,465,27,4,0,1,494,False,False,False,True,False,False,False,True
278,279,0,3,1,7.0,480,29.125,1,1,505,18,3,0,6,535,False,True,False,False,False,False,True,False
279,280,1,3,0,35.0,551,20.25,2,4,1,32,5,1,3,1,False,False,False,False,True,False,False,True
280,281,0,3,1,65.0,290,7.75,1,3,166,16,3,0,1,174,False,False,False,True,False,False,False,True
281,282,0,3,1,28.0,340,7.8542,2,3,454,32,5,0,1,483,False,False,False,True,False,False,False,True
282,283,0,3,1,16.0,310,9.5,2,3,663,25,4,0,1,697,False,False,False,True,False,False,False,True
283,284,1,3,1,19.0,533,8.05,2,3,160,26,4,0,1,168,False,False,False,True,False,False,False,True
284,285,0,1,1,28.0,24,26.0,2,3,571,26,4,0,1,602,False,False,False,True,False,False,False,True
285,286,0,3,1,33.0,378,8.6625,0,3,579,19,3,0,1,610,False,False,False,True,False,False,False,True
286,287,1,3,1,30.0,308,9.5,2,3,662,23,4,0,1,696,False,False,False,True,False,False,False,True
287,288,0,3,1,22.0,353,7.8958,2,3,422,20,3,0,1,448,False,False,False,True,False,False,False,True
288,289,1,2,1,42.0,134,13.0,2,3,270,20,3,0,1,288,False,False,False,True,False,False,False,True
289,290,1,3,0,22.0,464,7.75,1,2,125,20,3,0,1,132,False,False,True,False,False,False,False,True
290,291,1,1,0,26.0,91,78.85,2,2,40,28,4,0,1,43,False,False,True,False,False,False,False,True
291,292,1,1,0,19.0,64,91.0792,0,4,60,39,6,1,2,63,False,False,False,False,True,False,False,True
292,293,0,2,1,36.0,635,12.875,0,3,342,22,4,0,1,365,False,False,False,True,False,False,False,True
293,294,0,3,0,24.0,376,8.85,2,2,228,19,3,0,1,240,False,False,True,False,False,False,False,True
294,295,0,3,1,24.0,374,7.8958,2,3,399,16,3,0,1,424,False,False,False,True,False,False,False,True
295,296,0,1,1,28.0,606,27.7208,0,3,343,17,4,0,1,366,False,False,False,True,False,False,False,True
296,297,0,3,1,23.5,212,7.2292,0,3,234,18,3,0,1,246,False,False,False,True,False,False,False,True
297,298,0,1,0,2.0,37,151.55,2,2,12,28,4,0,4,12,False,False,True,False,False,False,True,False
298,299,1,1,1,28.0,98,30.5,2,3,530,21,3,0,1,561,False,False,False,True,False,False,False,True
299,300,1,1,0,50.0,585,247.5208,0,4,45,47,6,1,2,48,False,False,False,False,True,False,False,True
300,301,1,3,0,28.0,513,7.75,1,2,306,40,6,0,1,329,False,False,True,False,False,False,False,True
301,302,1,3,1,28.0,441,23.25,1,3,380,18,3,0,3,403,False,False,False,True,False,False,False,True
302,303,0,3,1,19.0,574,0.0,2,3,292,31,5,0,1,313,False,False,False,True,False,False,False,True
303,304,1,2,0,28.0,109,12.35,1,2,304,19,4,0,1,327,False,False,True,False,False,False,False,True
304,305,0,3,1,28.0,527,8.05,2,3,647,33,5,0,1,681,False,False,False,True,False,False,False,True
305,306,1,1,1,0.92,37,151.55,2,1,12,30,4,0,4,12,False,True,False,False,False,False,True,False
306,307,1,1,0,28.0,83,110.8833,0,2,184,23,3,0,1,193,False,False,True,False,False,False,False,True
307,308,1,1,0,17.0,611,108.9,0,4,476,82,14,1,2,505,False,False,False,False,True,False,False,True
308,309,0,2,1,30.0,575,24.0,0,3,2,19,3,0,2,2,False,False,False,True,False,False,False,True
309,310,1,1,0,30.0,584,56.9292,0,2,191,30,4,0,1,200,False,False,True,False,False,False,False,True
310,311,1,1,0,24.0,59,83.1583,0,2,247,30,4,0,1,263,False,False,True,False,False,False,False,True
311,312,1,1,0,18.0,602,262.375,0,2,528,26,4,0,5,559,False,False,True,False,False,False,True,False
312,313,0,2,0,26.0,167,26.0,2,4,321,37,5,1,3,344,False,False,False,False,True,False,False,True
313,314,0,3,1,28.0,382,7.8958,2,3,253,22,3,0,1,270,False,False,False,True,False,False,False,True
314,315,0,2,1,43.0,571,26.25,2,3,243,18,3,0,3,259,False,False,False,True,False,False,False,True
315,316,1,3,0,26.0,343,7.8542,2,2,435,31,4,0,1,462,False,False,True,False,False,False,False,True
316,317,1,2,0,24.0,150,26.0,2,4,299,35,5,1,2,322,False,False,False,False,True,False,False,True
317,318,0,2,1,54.0,232,14.0,2,5,410,20,3,0,1,436,False,False,False,False,False,True,False,True
318,319,1,1,0,31.0,453,164.8667,2,2,641,24,4,0,3,674,False,False,True,False,False,False,False,True
319,320,1,1,0,40.0,81,134.5,0,4,575,56,7,1,3,606,False,False,False,False,True,False,False,True
320,321,0,3,1,22.0,524,7.25,2,3,152,18,3,0,1,160,False,False,False,True,False,False,False,True
321,322,0,3,1,27.0,365,7.8958,2,3,144,16,3,0,1,151,False,False,False,True,False,False,False,True
322,323,1,2,0,30.0,124,12.35,1,2,565,25,4,0,1,596,False,False,True,False,False,False,False,True
323,324,1,2,0,22.0,158,29.0,2,4,88,51,7,1,3,93,False,False,False,False,True,False,False,True
324,325,0,3,1,28.0,568,69.55,2,3,532,24,5,0,11,563,False,False,False,True,False,False,True,False
325,326,1,1,0,36.0,613,135.6333,0,2,654,24,4,0,1,688,False,False,True,False,False,False,False,True
326,327,0,3,1,61.0,299,6.2375,2,3,443,25,4,0,1,470,False,False,False,True,False,False,False,True
327,328,1,2,0,36.0,229,13.0,2,4,36,23,5,1,1,39,False,False,False,False,True,False,False,True
328,329,1,3,0,31.0,423,20.525,2,4,218,46,7,1,3,228,False,False,False,False,True,False,False,True
329,330,1,1,0,16.0,7,57.9792,0,2,258,28,4,0,2,275,False,False,True,False,False,False,False,True
330,331,1,3,0,28.0,441,23.25,1,2,380,18,3,0,3,403,False,False,True,False,False,False,False,True
331,332,0,1,1,45.5,20,28.5,2,3,468,19,3,0,1,497,False,False,False,True,False,False,False,True
332,333,0,1,1,38.0,588,153.4625,2,3,221,25,4,0,2,232,False,False,False,True,False,False,False,True
333,334,0,3,1,16.0,302,18.0,2,3,625,31,5,0,3,658,False,False,False,True,False,False,False,True
334,335,1,1,0,28.0,605,133.65,2,4,192,50,6,1,2,201,False,False,False,False,True,False,False,True
335,336,0,3,1,28.0,370,7.8958,2,3,151,18,3,0,1,159,False,False,False,True,False,False,False,True
336,337,0,1,1,29.0,36,66.6,2,3,473,25,4,0,2,502,False,False,False,True,False,False,False,True
337,338,1,1,0,41.0,81,134.5,0,2,79,31,4,0,1,84,False,False,True,False,False,False,False,True
338,339,1,3,1,45.0,510,8.05,2,3,138,21,4,0,1,145,False,False,False,True,False,False,False,True
339,340,0,1,1,45.0,39,35.5,2,3,63,28,4,0,1,66,False,False,False,True,False,False,False,True
340,341,1,2,1,2.0,113,26.0,2,1,428,30,4,0,3,454,False,True,False,False,False,False,False,True
341,342,1,1,0,24.0,95,263.0,2,2,189,30,4,0,6,198,False,False,True,False,False,False,True,False
342,343,0,2,1,28.0,159,13.0,2,3,120,26,4,0,1,127,False,False,False,True,False,False,False,True
343,344,0,2,1,25.0,149,13.0,2,3,542,42,5,0,1,573,False,False,False,True,False,False,False,True
344,345,0,2,1,36.0,112,13.0,2,3,190,23,4,0,1,199,False,False,False,True,False,False,False,True
345,346,1,2,0,24.0,157,13.0,2,2,76,29,4,0,1,80,False,False,True,False,False,False,False,True
346,347,1,2,0,40.0,257,13.0,2,2,571,25,4,0,1,602,False,False,True,False,False,False,False,True
347,348,1,3,0,28.0,483,16.1,2,4,149,41,7,1,2,157,False,False,False,False,True,False,False,True
348,349,1,3,1,3.0,562,15.9,2,1,130,38,5,0,3,137,False,True,False,False,False,False,False,True
349,350,0,3,1,42.0,262,8.6625,2,3,155,16,3,0,1,163,False,False,False,True,False,False,False,True
350,351,0,3,1,23.0,503,9.225,2,3,451,22,4,0,1,479,False,False,False,True,False,False,False,True
351,352,0,1,1,28.0,30,35.0,2,3,648,38,4,0,1,680,False,False,False,True,False,False,False,True
352,353,0,3,1,15.0,214,7.2292,0,3,173,18,3,0,3,182,False,False,False,True,False,False,False,True
353,354,0,3,1,25.0,377,17.8,2,3,22,25,3,0,2,24,False,False,False,True,False,False,False,True
354,355,0,3,1,28.0,182,7.225,0,3,656,17,3,0,1,690,False,False,False,True,False,False,False,True
355,356,0,3,1,28.0,314,9.5,2,3,623,27,5,0,1,655,False,False,False,True,False,False,False,True
356,357,1,1,0,22.0,28,55.0,2,2,70,27,4,0,2,74,False,False,True,False,False,False,False,True
357,358,0,2,0,38.0,131,13.0,2,2,197,25,4,0,1,207,False,False,True,False,False,False,False,True
358,359,1,3,0,28.0,279,7.8792,1,2,384,20,3,0,1,407,False,False,True,False,False,False,False,True
359,360,1,3,0,28.0,285,7.8792,1,2,403,33,5,0,1,428,False,False,True,False,False,False,False,True
360,361,0,3,1,40.0,337,27.9,2,3,563,18,3,0,6,594,False,False,False,True,False,False,True,False
361,362,0,2,1,29.0,633,27.7208,0,3,664,25,4,0,2,698,False,False,False,True,False,False,False,True
362,363,0,3,0,45.0,211,14.4542,0,4,39,31,4,1,2,42,False,False,False,False,True,False,False,True
363,364,0,3,1,35.0,641,7.05,2,3,24,15,3,0,1,26,False,False,False,True,False,False,False,True
364,365,0,3,1,28.0,459,15.5,1,3,444,19,3,0,2,472,False,False,False,True,False,False,False,True
365,366,0,3,1,30.0,544,7.25,2,3,3,30,5,0,1,3,False,False,False,True,False,False,False,True
366,367,1,1,0,60.0,4,75.25,0,4,631,48,7,1,2,664,False,False,False,False,True,False,False,True
367,368,1,3,0,28.0,175,7.2292,0,4,415,30,4,1,1,441,False,False,False,False,True,False,False,True
368,369,1,3,0,28.0,78,7.75,1,2,287,19,3,0,1,308,False,False,True,False,False,False,False,True
369,370,1,1,0,24.0,581,69.3,0,4,28,29,4,0,1,30,False,False,False,False,True,False,False,True
370,371,1,1,1,25.0,58,55.4417,0,3,236,27,4,0,2,250,False,False,False,True,False,False,False,True
371,372,0,3,1,18.0,244,6.4958,2,3,644,25,4,0,2,677,False,False,False,True,False,False,False,True
372,373,0,3,1,19.0,273,8.05,2,3,48,26,4,0,1,51,False,False,False,True,False,False,False,True
373,374,0,1,1,22.0,613,135.6333,0,3,509,19,3,0,1,540,False,False,False,True,False,False,False,True
374,375,0,3,0,3.0,395,21.075,2,2,463,26,4,0,5,492,False,False,True,False,False,False,True,False
375,376,1,1,0,28.0,600,82.1708,0,4,395,37,6,1,2,419,False,False,False,False,True,False,False,True
376,377,1,3,0,22.0,545,7.25,2,2,325,31,4,0,1,348,False,False,True,False,False,False,False,True
377,378,0,1,1,27.0,27,211.5,0,3,643,25,4,0,3,676,False,False,False,True,False,False,False,True
378,379,0,3,1,20.0,183,4.0125,0,3,56,19,3,0,1,59,False,False,False,True,False,False,False,True
379,380,0,3,1,19.0,324,7.775,2,3,227,27,4,0,1,238,False,False,False,True,False,False,False,True
380,381,1,1,0,42.0,610,227.525,0,2,57,21,3,0,1,60,False,False,True,False,False,False,False,True
381,382,1,3,0,1.0,187,15.7417,0,2,424,27,4,1,3,450,False,False,True,False,False,False,False,True
382,383,0,3,1,32.0,665,7.925,2,3,602,18,3,0,1,634,False,False,False,True,False,False,False,True
383,384,1,1,0,35.0,43,52.0,2,4,265,51,7,1,2,283,False,False,False,False,True,False,False,True
384,385,0,3,1,28.0,371,7.8958,2,3,492,22,3,0,1,521,False,False,False,True,False,False,False,True
385,386,0,2,1,18.0,621,73.5,2,3,147,25,4,0,1,154,False,False,False,True,False,False,False,True
386,387,0,3,1,1.0,566,46.9,2,1,220,31,4,0,8,230,False,True,False,False,False,False,True,False
387,388,1,2,0,36.0,220,13.0,2,2,80,16,3,0,1,85,False,False,True,False,False,False,False,True
388,389,0,3,1,28.0,447,7.7292,1,3,531,20,3,0,1,562,False,False,False,True,False,False,False,True
389,390,1,2,0,17.0,625,12.0,0,2,333,21,3,0,1,356,False,False,True,False,False,False,False,True
390,391,1,1,1,36.0,33,120.0,2,3,100,26,4,0,4,106,False,False,False,True,False,False,True,False
391,392,1,3,1,21.0,401,7.7958,2,3,282,22,4,0,1,302,False,False,False,True,False,False,False,True
392,393,0,3,1,28.0,246,7.925,2,3,227,28,4,0,3,239,False,False,False,True,False,False,False,True
393,394,1,1,0,23.0,416,113.275,0,2,430,22,3,0,2,456,False,False,True,False,False,False,False,True
394,395,1,3,0,24.0,616,16.7,2,4,537,51,6,1,3,568,False,False,False,False,True,False,False,True
395,396,0,3,1,22.0,410,7.7958,2,3,291,19,3,0,1,312,False,False,False,True,False,False,False,True
396,397,0,3,0,31.0,414,7.8542,2,2,454,19,3,0,1,483,False,False,True,False,False,False,False,True
397,398,0,2,1,46.0,226,26.0,2,3,386,23,4,0,1,409,False,False,False,True,False,False,False,True
398,399,0,2,1,23.0,146,10.5,2,5,462,16,3,0,1,491,False,False,False,False,False,True,False,True
399,400,1,2,0,28.0,140,12.65,2,4,612,32,6,1,1,644,False,False,False,False,True,False,False,True
400,401,1,3,1,39.0,663,7.925,2,3,437,18,3,0,1,464,False,False,False,True,False,False,False,True
401,402,0,3,1,26.0,292,8.05,2,3,4,15,3,0,1,4,False,False,False,True,False,False,False,True
402,403,0,3,0,21.0,492,9.825,2,2,296,24,4,0,2,319,False,False,True,False,False,False,False,True
403,404,0,3,1,28.0,668,15.85,2,3,230,30,4,0,2,242,False,False,False,True,False,False,False,True
404,405,0,3,0,20.0,267,8.6625,2,2,456,23,3,0,1,485,False,False,True,False,False,False,False,True
405,406,0,2,1,34.0,230,21.0,2,3,200,18,3,0,2,210,False,False,False,True,False,False,False,True
406,407,0,3,1,51.0,321,7.75,2,3,642,32,4,0,1,675,False,False,False,True,False,False,False,True
407,408,1,2,1,3.0,237,18.75,2,1,507,30,4,0,3,537,False,True,False,False,False,False,False,True
408,409,0,3,1,21.0,255,7.775,2,3,59,33,5,0,1,62,False,False,False,True,False,False,False,True
409,410,0,3,0,28.0,488,25.4667,2,2,332,18,3,0,5,355,False,False,True,False,False,False,True,False
410,411,0,3,1,28.0,367,7.8958,2,3,541,18,3,0,1,572,False,False,False,True,False,False,False,True
411,412,0,3,1,28.0,487,6.8583,1,3,243,15,3,0,1,258,False,False,False,True,False,False,False,True
412,413,1,1,0,33.0,92,90.0,1,2,398,22,4,0,2,422,False,False,True,False,False,False,False,True
413,414,0,2,1,28.0,135,0.0,2,3,137,30,4,0,1,144,False,False,False,True,False,False,False,True
414,415,1,3,1,44.0,655,7.925,2,3,590,25,4,0,1,622,False,False,False,True,False,False,False,True
415,416,0,3,0,28.0,295,8.05,2,4,390,39,6,1,1,413,False,False,False,False,True,False,False,True
416,417,1,2,0,34.0,224,32.5,2,4,165,47,7,1,3,173,False,False,False,False,True,False,False,True
417,418,1,2,0,18.0,168,13.0,2,2,551,29,4,0,3,582,False,False,True,False,False,False,False,True
418,419,0,2,1,30.0,225,13.0,2,3,376,26,4,0,1,399,False,False,False,True,False,False,False,True
419,420,0,3,0,10.0,307,24.15,2,2,619,25,4,0,3,651,False,False,True,False,False,False,False,True
420,421,0,3,1,28.0,392,7.8958,0,3,207,22,3,0,1,217,False,False,False,True,False,False,False,True
421,422,0,3,1,21.0,534,7.7333,1,3,106,19,3,0,1,113,False,False,False,True,False,False,False,True
422,423,0,3,1,29.0,259,7.875,2,3,660,18,3,0,1,694,False,False,False,True,False,False,False,True
423,424,0,3,0,28.0,331,14.4,2,4,142,54,8,1,3,149,False,False,False,False,True,False,False,True
424,425,0,3,1,18.0,458,20.2125,2,3,520,27,4,0,3,551,False,False,False,True,False,False,False,True
425,426,0,3,1,28.0,521,7.25,2,3,650,22,3,0,1,684,False,False,False,True,False,False,False,True
426,427,1,2,0,28.0,100,26.0,2,4,113,43,7,1,2,120,False,False,False,False,True,False,False,True
427,428,1,2,0,19.0,170,26.0,2,2,489,67,9,1,1,518,False,False,True,False,False,False,False,True
428,429,0,3,1,28.0,437,7.75,1,3,185,16,3,0,1,194,False,False,False,True,False,False,False,True
429,430,1,3,1,32.0,644,8.05,2,3,490,34,5,1,1,519,False,False,False,True,False,False,False,True
430,431,1,1,1,28.0,3,26.55,2,3,62,41,4,0,1,65,False,False,False,True,False,False,False,True
431,432,1,3,0,28.0,476,16.1,2,4,601,49,6,1,2,633,False,False,False,False,True,False,False,True
432,433,1,2,0,42.0,627,26.0,2,4,355,51,7,1,2,378,False,False,False,False,True,False,False,True
433,434,0,3,1,17.0,657,7.125,2,3,297,26,4,0,1,320,False,False,False,True,False,False,False,True
434,435,0,1,1,50.0,72,55.9,2,3,553,25,4,0,2,584,False,False,False,True,False,False,False,True
435,436,1,1,0,14.0,33,120.0,2,2,100,25,4,0,4,106,False,False,True,False,False,False,True,False
436,437,0,3,0,21.0,676,34.375,2,2,187,36,5,0,5,196,False,False,True,False,False,False,True,False
437,438,1,2,0,24.0,237,18.75,2,4,507,37,5,1,6,538,False,False,False,False,True,False,True,False
438,439,0,1,1,64.0,95,263.0,2,3,189,17,3,0,6,198,False,False,False,True,False,False,True,False
439,440,0,2,1,31.0,547,10.5,2,3,319,38,5,0,1,342,False,False,False,True,False,False,False,True
440,441,1,2,0,45.0,571,26.25,2,4,243,43,6,1,3,259,False,False,False,False,True,False,False,True
441,442,0,3,1,20.0,305,9.5,2,3,233,15,3,0,1,245,False,False,False,True,False,False,False,True
442,443,0,3,1,25.0,328,7.775,2,3,486,25,4,0,2,515,False,False,False,True,False,False,False,True
443,444,1,2,0,28.0,116,13.0,2,2,504,25,3,0,1,534,False,False,True,False,False,False,False,True
444,445,1,3,1,28.0,499,8.1125,2,3,289,33,3,0,1,310,False,False,False,True,False,False,False,True
445,446,1,1,1,4.0,289,81.8583,2,1,156,25,3,0,3,164,False,True,False,False,False,False,False,True
446,447,1,2,0,13.0,162,19.5,2,2,391,33,4,0,2,414,False,False,True,False,False,False,False,True
447,448,1,1,1,34.0,45,26.55,2,3,544,27,4,0,1,575,False,False,False,True,False,False,False,True
448,449,1,3,0,5.0,194,19.2583,0,2,32,30,4,0,4,35,False,False,True,False,False,False,True,False
449,450,1,1,1,52.0,40,30.5,2,5,488,30,4,0,1,517,False,False,False,False,False,True,False,True
450,451,0,2,1,36.0,561,27.75,2,3,638,21,4,0,4,671,False,False,False,True,False,False,True,False
451,452,0,3,1,28.0,497,19.9667,2,3,229,31,5,0,2,241,False,False,False,True,False,False,False,True
452,453,0,1,1,30.0,22,27.75,0,3,188,31,4,0,1,197,False,False,False,True,False,False,False,True
453,454,1,1,1,49.0,84,89.1042,0,3,216,24,4,0,2,226,False,False,False,True,False,False,False,True
454,455,0,3,1,28.0,528,8.05,2,3,474,19,3,0,1,503,False,False,False,True,False,False,False,True
455,456,1,3,1,29.0,379,7.8958,0,3,281,18,3,0,1,301,False,False,False,True,False,False,False,True
456,457,0,1,1,65.0,73,26.55,2,3,396,25,4,0,1,420,False,False,False,True,False,False,False,True
457,458,1,1,0,28.0,86,51.8625,2,4,308,33,5,1,2,331,False,False,False,False,True,False,False,True
458,459,1,2,0,50.0,572,10.5,2,2,606,19,3,0,1,638,False,False,True,False,False,False,False,True
459,460,0,3,1,28.0,468,7.75,1,3,446,21,3,0,1,474,False,False,False,True,False,False,False,True
460,461,1,1,1,48.0,96,26.55,2,3,15,19,3,0,1,15,False,False,False,True,False,False,False,True
461,462,0,3,1,34.0,429,8.05,2,3,411,19,3,0,1,437,False,False,False,True,False,False,False,True
462,463,0,1,1,47.0,6,38.5,2,3,206,17,4,0,1,216,False,False,False,True,False,False,False,True
463,464,0,2,1,48.0,121,13.0,2,3,397,28,4,0,1,421,False,False,False,True,False,False,False,True
464,465,0,3,1,28.0,539,8.05,2,3,366,18,3,0,1,389,False,False,False,True,False,False,False,True
465,466,0,3,1,38.0,639,7.05,2,3,219,31,4,0,1,229,False,False,False,True,False,False,False,True
466,467,0,2,1,28.0,135,0.0,2,3,91,21,3,0,1,96,False,False,False,True,False,False,False,True
467,468,0,1,1,56.0,44,26.55,2,3,569,26,4,0,1,600,False,False,False,True,False,False,False,True
468,469,0,3,1,28.0,421,7.725,1,3,540,18,3,0,1,571,False,False,False,True,False,False,False,True
469,470,1,3,0,0.75,194,19.2583,0,2,32,29,4,0,4,35,False,False,True,False,False,False,True,False
470,471,0,3,1,28.0,272,7.25,2,3,305,17,3,0,1,328,False,False,False,True,False,False,False,True
471,472,0,3,1,38.0,263,8.6625,2,3,85,15,3,0,1,90,False,False,False,True,False,False,False,True
472,473,1,2,0,33.0,561,27.75,2,4,638,39,7,1,4,671,False,False,False,False,True,False,True,False
473,474,1,2,0,23.0,628,13.7917,0,4,288,44,7,1,1,309,False,False,False,False,True,False,False,True
474,475,0,3,0,22.0,509,9.8375,2,2,586,27,4,0,1,617,False,False,True,False,False,False,False,True
475,476,0,1,1,28.0,2,52.0,2,3,115,27,4,0,1,122,False,False,False,True,False,False,False,True
476,477,0,2,1,34.0,252,21.0,2,3,502,23,4,0,2,531,False,False,False,True,False,False,False,True
477,478,0,3,1,29.0,315,7.0458,2,3,73,25,4,0,2,77,False,False,False,True,False,False,False,True
478,479,0,3,1,22.0,411,7.5208,2,3,301,25,4,0,1,324,False,False,False,True,False,False,False,True
479,480,1,3,0,2.0,251,12.2875,2,2,259,24,4,0,2,276,False,False,True,False,False,False,False,True
480,481,0,3,1,9.0,566,46.9,2,1,220,30,4,0,8,230,False,True,False,False,False,False,True,False
481,482,0,2,1,28.0,136,0.0,2,3,195,32,5,0,1,205,False,False,False,True,False,False,False,True
482,483,0,3,1,50.0,531,8.05,2,3,524,24,4,0,1,555,False,False,False,True,False,False,False,True
483,484,1,3,0,63.0,489,9.5875,2,4,616,22,3,1,1,648,False,False,False,False,True,False,False,True
484,485,1,1,1,25.0,64,91.0792,0,3,60,23,4,0,2,63,False,False,False,True,False,False,False,True
485,486,0,3,0,28.0,488,25.4667,2,2,332,22,3,0,5,355,False,False,True,False,False,False,True,False
486,487,1,1,0,35.0,93,90.0,2,4,271,47,7,1,2,290,False,False,False,False,True,False,False,True
487,488,0,1,1,58.0,61,29.7,0,3,307,23,4,0,1,330,False,False,False,True,False,False,False,True
488,489,0,3,1,30.0,517,8.05,2,3,574,29,4,0,1,605,False,False,False,True,False,False,False,True
489,490,1,3,1,9.0,562,15.9,2,1,130,37,5,0,3,137,False,True,False,False,False,False,False,True
490,491,0,3,1,28.0,498,19.9667,2,3,229,36,5,0,2,241,False,False,False,True,False,False,False,True
491,492,0,3,1,21.0,649,7.25,2,3,649,19,3,0,1,683,False,False,False,True,False,False,False,True
492,493,0,1,1,55.0,41,30.5,2,3,405,26,4,0,1,430,False,False,False,True,False,False,False,True
493,494,0,1,1,71.0,603,49.5042,0,3,23,23,3,0,1,25,False,False,False,True,False,False,False,True
494,495,0,3,1,21.0,518,8.05,2,3,580,26,4,0,1,611,False,False,False,True,False,False,False,True
495,496,0,3,1,28.0,176,14.4583,0,3,657,21,3,0,1,691,False,False,False,True,False,False,False,True
496,497,1,1,0,54.0,454,78.2667,0,2,178,30,4,0,2,187,False,False,True,False,False,False,False,True
497,498,0,3,1,28.0,564,15.1,2,3,547,31,4,0,1,578,False,False,False,True,False,False,False,True
498,499,0,1,0,25.0,37,151.55,2,4,12,47,8,1,4,12,False,False,False,False,True,False,True,False
499,500,0,3,1,24.0,402,7.7958,2,3,593,18,3,0,1,625,False,False,False,True,False,False,False,True
500,501,0,3,1,17.0,261,8.6625,2,3,89,16,3,0,1,94,False,False,False,True,False,False,False,True
501,502,0,3,0,21.0,433,7.75,1,2,92,19,3,0,1,97,False,False,True,False,False,False,False,True
502,503,0,3,0,28.0,276,7.6292,1,2,450,30,4,0,1,478,False,False,True,False,False,False,False,True
503,504,0,3,0,37.0,490,9.5875,2,2,322,30,4,0,1,345,False,False,True,False,False,False,False,True
504,505,1,1,0,16.0,0,86.5,2,2,365,21,3,0,1,388,False,False,True,False,False,False,False,True
505,506,0,1,1,18.0,611,108.9,0,3,476,42,7,0,2,505,False,False,False,True,False,False,False,True
506,507,1,2,0,33.0,180,26.0,2,4,496,45,6,1,3,525,False,False,False,False,True,False,False,True
507,508,1,1,1,28.0,10,26.55,2,3,72,45,6,1,1,76,False,False,False,True,False,False,False,True
508,509,0,3,1,28.0,542,22.525,2,3,453,24,4,0,1,481,False,False,False,True,False,False,False,True
509,510,1,3,1,26.0,80,56.4958,2,3,326,14,3,0,1,349,False,False,False,True,False,False,False,True
510,511,1,3,1,29.0,479,7.75,1,3,141,24,4,0,1,148,False,False,False,True,False,False,False,True
511,512,0,3,1,28.0,648,8.05,2,3,634,17,3,0,1,667,False,False,False,True,False,False,False,True
512,513,1,1,1,36.0,577,26.2875,2,3,383,25,4,0,1,406,False,False,False,True,False,False,False,True
513,514,1,1,0,54.0,599,59.4,0,4,523,46,6,1,2,554,False,False,False,False,True,False,False,True
514,515,0,3,1,24.0,356,7.4958,2,3,118,17,3,0,1,125,False,False,False,True,False,False,False,True
515,516,0,1,1,47.0,456,34.0208,2,3,629,28,4,0,1,662,False,False,False,True,False,False,False,True
516,517,1,2,0,34.0,560,10.5,2,4,337,28,4,1,1,360,False,False,False,False,True,False,False,True
517,518,0,3,1,28.0,469,24.15,1,3,527,17,3,0,1,558,False,False,False,True,False,False,False,True
518,519,1,2,0,36.0,110,26.0,2,4,20,52,8,1,2,22,False,False,False,False,True,False,False,True
519,520,0,3,1,32.0,381,7.8958,2,3,472,19,3,0,1,501,False,False,False,True,False,False,False,True
520,521,1,1,0,30.0,67,93.5,2,2,480,21,3,0,1,509,False,False,True,False,False,False,False,True
521,522,0,3,1,22.0,390,7.8958,2,3,627,15,3,0,1,660,False,False,False,True,False,False,False,True
522,523,0,3,1,28.0,173,7.225,0,3,320,18,3,0,1,343,False,False,False,True,False,False,False,True
523,524,1,1,0,44.0,7,57.9792,0,4,258,47,7,1,2,275,False,False,False,False,True,False,False,True
524,525,0,3,1,28.0,217,7.2292,0,3,303,17,3,0,1,326,False,False,False,True,False,False,False,True
525,526,0,3,1,40.5,446,7.75,1,3,180,18,3,0,1,189,False,False,False,True,False,False,False,True
526,527,1,2,0,50.0,673,10.5,2,2,508,20,3,0,1,539,False,False,True,False,False,False,False,True
527,528,0,1,1,28.0,583,221.7792,2,3,181,18,3,0,1,190,False,False,False,True,False,False,False,True
528,529,0,3,1,39.0,250,7.925,2,3,535,25,4,0,1,566,False,False,False,True,False,False,False,True
529,530,0,2,1,23.0,235,11.5,2,3,260,27,4,0,4,277,False,False,False,True,False,False,True,False
530,531,1,2,0,2.0,180,26.0,2,2,496,24,4,0,3,525,False,False,True,False,False,False,False,True
531,532,0,3,1,28.0,181,7.2292,0,3,609,17,3,0,1,641,False,False,False,True,False,False,False,True
532,533,0,3,1,17.0,210,7.2292,0,3,173,20,4,0,3,182,False,False,False,True,False,False,False,True
533,534,1,3,0,28.0,196,22.3583,0,4,482,38,5,1,3,511,False,False,False,False,True,False,False,True
534,535,0,3,0,30.0,260,8.6625,2,2,85,19,3,0,1,90,False,False,True,False,False,False,False,True
535,536,1,2,0,7.0,571,26.25,2,2,243,22,4,0,3,259,False,False,True,False,False,False,False,True
536,537,0,1,1,45.0,21,26.55,2,5,82,33,4,0,1,87,False,False,False,False,False,True,False,True
537,538,1,1,0,30.0,614,106.425,0,2,329,19,3,0,1,352,False,False,True,False,False,False,False,True
538,539,0,3,1,28.0,426,14.5,2,3,511,24,4,0,1,542,False,False,False,True,False,False,False,True
539,540,1,1,0,22.0,75,49.5,0,2,193,34,4,0,3,204,False,False,True,False,False,False,False,True
540,541,1,1,0,36.0,680,71.0,2,2,134,23,4,0,3,141,False,False,True,False,False,False,False,True
541,542,0,3,0,9.0,333,31.275,2,2,16,36,4,0,7,17,False,False,True,False,False,False,True,False
542,543,0,3,0,11.0,333,31.275,2,2,16,33,4,0,7,17,False,False,True,False,False,False,True,False
543,544,1,2,1,32.0,233,26.0,2,3,47,17,3,0,2,50,False,False,False,True,False,False,False,True
544,545,0,1,1,50.0,614,106.425,0,3,161,26,4,0,2,169,False,False,False,True,False,False,False,True
545,546,0,1,1,64.0,501,26.0,2,3,433,28,4,0,1,460,False,False,False,True,False,False,False,True
546,547,1,2,0,19.0,233,26.0,2,4,47,33,5,1,2,50,False,False,False,False,True,False,False,True
547,548,1,2,1,28.0,631,13.8625,0,3,461,26,5,0,1,490,False,False,False,True,False,False,False,True
548,549,0,3,1,33.0,423,20.525,2,3,218,25,4,0,3,228,False,False,False,True,False,False,False,True
549,550,1,2,1,8.0,558,36.75,2,1,147,30,5,0,3,155,False,True,False,False,False,False,False,True
550,551,1,1,1,17.0,83,110.8833,0,3,597,27,5,0,3,629,False,False,False,True,False,False,False,True
551,552,0,2,1,27.0,148,26.0,2,3,545,27,5,0,1,576,False,False,False,True,False,False,False,True
552,553,0,3,1,28.0,284,7.8292,1,3,444,20,3,0,1,471,False,False,False,True,False,False,False,True
553,554,1,3,1,22.0,171,7.225,0,3,331,33,5,1,1,354,False,False,False,True,False,False,False,True
554,555,1,3,0,22.0,335,7.775,2,2,452,18,3,0,1,480,False,False,True,False,False,False,False,True
555,556,0,1,1,62.0,52,26.55,2,3,652,18,3,0,1,686,False,False,False,True,False,False,False,True
556,557,1,1,0,48.0,57,39.6,0,6,167,65,8,1,2,175,False,False,False,False,False,True,False,True
557,558,0,1,1,28.0,610,227.525,0,3,512,19,3,0,1,543,False,False,False,True,False,False,False,True
558,559,1,1,0,39.0,1,79.65,2,4,595,38,5,1,3,627,False,False,False,False,True,False,False,True
559,560,1,3,0,36.0,300,17.4,2,4,661,44,6,1,2,695,False,False,False,False,True,False,False,True
560,561,0,3,1,28.0,471,7.75,1,3,412,24,4,0,1,438,False,False,False,True,False,False,False,True
561,562,0,3,1,40.0,389,7.8958,2,3,559,17,3,0,1,590,False,False,False,True,False,False,False,True
562,563,0,2,1,28.0,103,13.5,2,3,438,26,4,0,1,465,False,False,False,True,False,False,False,True
563,564,0,3,1,28.0,651,8.05,2,3,554,17,3,0,1,585,False,False,False,True,False,False,False,True
564,565,0,3,0,28.0,645,8.05,2,2,389,30,4,1,1,412,False,False,True,False,False,False,False,True
565,566,0,3,1,24.0,519,24.15,2,3,147,20,4,0,3,155,False,False,False,True,False,False,False,True
566,567,0,3,1,19.0,352,7.8958,2,3,585,20,3,0,1,616,False,False,False,True,False,False,False,True
567,568,0,3,0,29.0,395,21.075,2,4,463,43,6,1,5,492,False,False,False,False,True,False,True,False
568,569,0,3,1,28.0,207,7.2292,0,3,157,19,3,0,1,165,False,False,False,True,False,False,False,True
569,570,1,3,1,32.0,415,7.8542,2,3,295,17,3,0,1,317,False,False,False,True,False,False,False,True
570,571,1,2,1,62.0,624,10.5,2,3,241,18,3,0,1,255,False,False,False,True,False,False,False,True
571,572,1,1,0,53.0,60,51.4792,2,4,21,45,6,1,3,23,False,False,False,False,True,False,False,True
572,573,1,1,1,36.0,578,26.3875,2,3,185,32,5,1,1,194,False,False,False,True,False,False,False,True
573,574,1,3,0,28.0,77,7.75,1,2,306,17,3,0,1,329,False,False,True,False,False,False,False,True
574,575,0,3,1,16.0,520,8.05,2,3,526,28,5,0,1,557,False,False,False,True,False,False,False,True
575,576,0,3,1,19.0,420,14.5,2,3,470,20,3,0,1,499,False,False,False,True,False,False,False,True
576,577,1,2,0,34.0,143,13.0,2,2,203,20,3,0,1,213,False,False,True,False,False,False,False,True
577,578,1,1,0,39.0,72,55.9,2,4,553,41,6,1,2,584,False,False,False,False,True,False,False,True
578,579,0,3,0,28.0,209,14.4583,0,4,94,32,5,1,2,99,False,False,False,False,True,False,False,True
579,580,1,3,1,32.0,661,7.925,2,3,296,19,3,0,1,318,False,False,False,True,False,False,False,True
580,581,1,2,0,25.0,133,30.0,2,2,111,27,4,0,3,118,False,False,True,False,False,False,False,True
581,582,1,1,0,39.0,83,110.8833,0,4,597,52,7,1,3,629,False,False,False,False,True,False,False,True
582,583,0,2,1,54.0,226,26.0,2,3,163,26,4,0,1,171,False,False,False,True,False,False,False,True
583,584,0,1,1,36.0,68,40.125,0,3,521,19,4,0,1,552,False,False,False,True,False,False,False,True
584,585,0,3,1,28.0,291,8.7125,0,3,471,19,3,0,1,500,False,False,False,True,False,False,False,True
585,586,1,1,0,18.0,1,79.65,2,2,595,19,3,0,3,627,False,False,True,False,False,False,False,True
586,587,0,2,1,47.0,129,15.0,2,3,284,23,4,0,1,304,False,False,False,True,False,False,False,True
587,588,1,1,1,60.0,74,79.2,0,3,194,32,3,0,3,203,False,False,False,True,False,False,False,True
588,589,0,3,1,22.0,79,8.05,2,3,210,21,3,0,1,220,False,False,False,True,False,False,False,True
589,590,0,3,1,28.0,515,8.05,2,3,419,19,3,0,1,445,False,False,False,True,False,False,False,True
590,591,0,3,1,35.0,656,7.125,2,3,510,20,3,0,1,541,False,False,False,True,False,False,False,True
591,592,1,1,0,52.0,454,78.2667,0,4,582,47,6,1,2,613,False,False,False,False,True,False,False,True
592,593,0,3,1,47.0,532,7.25,2,3,174,26,4,0,1,183,False,False,False,True,False,False,False,True
593,594,0,3,0,28.0,434,7.75,1,2,68,18,3,0,3,72,False,False,True,False,False,False,False,True
594,595,0,2,1,37.0,626,26.0,2,3,105,23,4,0,2,112,False,False,False,True,False,False,False,True
595,596,0,3,1,36.0,307,24.15,2,3,619,27,5,0,3,651,False,False,False,True,False,False,False,True
596,597,1,2,0,28.0,155,33.0,2,2,335,26,4,0,1,358,False,False,True,False,False,False,False,True
597,598,0,3,1,49.0,574,0.0,2,3,292,19,3,0,1,313,False,False,False,True,False,False,False,True
598,599,0,3,1,28.0,192,7.225,0,3,67,17,3,0,1,70,False,False,False,True,False,False,False,True
599,600,1,1,1,49.0,584,56.9292,0,6,167,44,7,1,2,175,False,False,False,False,False,True,False,True
600,601,1,2,0,24.0,142,27.0,2,4,280,51,7,1,4,300,False,False,False,False,True,False,True,False
601,602,0,3,1,28.0,360,7.8958,2,3,564,20,3,0,1,595,False,False,False,True,False,False,False,True
602,603,0,1,1,28.0,46,42.4,2,3,240,25,4,0,1,254,False,False,False,True,False,False,False,True
603,604,0,3,1,44.0,430,8.05,2,3,607,25,4,0,1,639,False,False,False,True,False,False,False,True
604,605,1,1,1,35.0,9,26.55,0,3,266,31,6,1,1,284,False,False,False,True,False,False,False,True
605,606,0,3,1,36.0,396,15.55,2,3,348,29,4,0,2,371,False,False,False,True,False,False,False,True
606,607,0,3,1,30.0,385,7.8958,2,3,300,17,3,0,1,323,False,False,False,True,False,False,False,True
607,608,1,1,1,27.0,50,30.5,2,3,143,27,4,0,1,150,False,False,False,True,False,False,False,True
608,609,1,2,0,22.0,634,41.5792,0,4,327,53,7,1,4,350,False,False,False,False,True,False,True,False
609,610,1,1,0,40.0,588,153.4625,2,2,550,25,4,0,1,581,False,False,True,False,False,False,False,True
610,611,0,3,0,39.0,333,31.275,2,4,16,57,7,1,7,17,False,False,False,False,True,False,True,False
611,612,0,3,1,28.0,638,7.05,2,3,283,21,4,0,1,303,False,False,False,True,False,False,False,True
612,613,1,3,0,28.0,444,15.5,1,2,420,27,4,0,2,446,False,False,True,False,False,False,False,True
613,614,0,3,1,28.0,467,7.75,1,3,269,16,3,0,1,287,False,False,False,True,False,False,False,True
614,615,0,3,1,35.0,431,8.05,2,3,75,31,4,0,1,79,False,False,False,True,False,False,False,True
615,616,1,2,0,24.0,106,65.0,2,2,255,19,3,0,4,272,False,False,True,False,False,False,True,False
616,617,0,3,1,34.0,331,14.4,2,3,142,25,4,0,3,149,False,False,False,True,False,False,False,True
617,618,0,3,0,26.0,536,16.1,2,4,352,47,7,1,2,375,False,False,False,False,True,False,False,True
618,619,1,2,0,4.0,114,39.0,2,2,49,27,4,0,4,52,False,False,True,False,False,False,True,False
619,620,0,2,1,26.0,253,10.5,2,3,205,19,3,0,1,215,False,False,False,True,False,False,False,True
620,621,0,3,1,27.0,188,14.4542,0,3,653,19,3,0,2,687,False,False,False,True,False,False,False,True
621,622,1,1,1,42.0,56,52.5542,2,3,311,28,5,0,2,334,False,False,False,True,False,False,False,True
622,623,1,3,1,20.0,187,15.7417,0,3,424,16,3,0,3,450,False,False,False,True,False,False,False,True
623,624,0,3,1,21.0,400,7.8542,2,3,235,27,4,0,1,247,False,False,False,True,False,False,False,True
624,625,0,3,1,21.0,495,16.1,2,3,69,27,5,0,1,73,False,False,False,True,False,False,False,True
625,626,0,1,1,61.0,455,32.3208,2,3,592,21,3,0,1,624,False,False,False,True,False,False,False,True
626,627,0,2,1,57.0,104,12.35,1,0,314,30,4,0,1,337,True,False,False,False,False,False,False,True
627,628,1,1,0,21.0,71,77.9583,2,2,354,29,4,0,1,377,False,False,True,False,False,False,False,True
628,629,0,3,1,26.0,369,7.8958,2,3,66,25,3,0,1,69,False,False,False,True,False,False,False,True
629,630,0,3,1,28.0,286,7.7333,1,3,445,24,4,0,1,473,False,False,False,True,False,False,False,True
630,631,1,1,1,80.0,218,30.0,2,3,41,36,5,0,1,44,False,False,False,True,False,False,False,True
631,632,0,3,1,51.0,345,7.0542,2,3,358,27,4,0,1,381,False,False,False,True,False,False,False,True
632,633,1,1,1,32.0,70,30.5,0,5,577,25,3,0,1,608,False,False,False,False,False,True,False,True
633,634,0,1,1,28.0,13,0.0,2,3,466,29,5,0,1,495,False,False,False,True,False,False,False,True
634,635,0,3,0,9.0,337,27.9,2,2,563,18,3,0,6,594,False,False,True,False,False,False,True,False
635,636,1,2,0,28.0,130,13.0,2,2,148,17,3,0,1,156,False,False,True,False,False,False,False,True
636,637,0,3,1,32.0,664,7.925,2,3,334,26,4,0,1,357,False,False,False,True,False,False,False,True
637,638,0,2,1,31.0,556,26.25,2,3,122,19,3,0,3,129,False,False,False,True,False,False,False,True
638,639,0,3,0,41.0,249,39.6875,2,4,464,38,6,1,6,493,False,False,False,False,True,False,True,False
639,640,0,3,1,28.0,476,16.1,2,3,601,26,3,0,2,633,False,False,False,True,False,False,False,True
640,641,0,3,1,20.0,409,7.8542,2,3,286,22,4,0,1,306,False,False,False,True,False,False,False,True
641,642,1,1,0,24.0,581,69.3,0,2,533,20,3,0,1,564,False,False,True,False,False,False,False,True
642,643,0,3,0,2.0,337,27.9,2,2,563,29,4,0,6,594,False,False,True,False,False,False,True,False
643,644,1,3,1,28.0,80,56.4958,2,3,186,15,3,0,1,195,False,False,False,True,False,False,False,True
644,645,1,3,0,0.75,194,19.2583,0,2,32,22,3,0,4,35,False,False,True,False,False,False,True,False
645,646,1,1,1,48.0,587,76.7292,0,3,239,25,4,0,2,253,False,False,False,True,False,False,False,True
646,647,0,3,1,19.0,373,7.8958,2,3,128,17,3,0,1,135,False,False,False,True,False,False,False,True
647,648,1,1,1,56.0,69,35.5,0,5,555,35,4,0,1,586,False,False,False,False,False,True,False,True
648,649,0,3,1,28.0,620,7.55,2,3,646,18,3,0,1,679,False,False,False,True,False,False,False,True
649,650,1,3,0,23.0,567,7.55,2,2,580,31,5,0,1,611,False,False,True,False,False,False,False,True
650,651,0,3,1,28.0,366,7.8958,2,3,402,17,3,0,1,427,False,False,False,True,False,False,False,True
651,652,1,2,0,18.0,117,23.0,2,2,158,19,3,0,2,166,False,False,True,False,False,False,False,True
652,653,0,3,1,21.0,512,8.4333,2,3,298,30,4,0,1,321,False,False,False,True,False,False,False,True
653,654,1,3,0,28.0,277,7.8292,1,2,449,29,4,0,1,477,False,False,True,False,False,False,False,True
654,655,0,3,0,18.0,439,6.75,1,2,250,28,4,0,1,267,False,False,True,False,False,False,False,True
655,656,0,2,1,24.0,621,73.5,2,3,257,25,4,0,3,274,False,False,False,True,False,False,False,True
656,657,0,3,1,28.0,368,7.8958,2,3,497,21,3,0,1,526,False,False,False,True,False,False,False,True
657,658,0,3,0,32.0,435,15.5,1,4,68,29,4,1,3,72,False,False,False,False,True,False,False,True
658,659,0,2,1,23.0,241,13.0,2,3,170,28,4,0,1,178,False,False,False,True,False,False,False,True
659,660,0,1,1,58.0,416,113.275,0,3,430,26,4,0,3,457,False,False,False,True,False,False,False,True
660,661,1,1,1,50.0,605,133.65,2,5,192,29,4,0,3,202,False,False,False,False,False,True,False,True
661,662,0,3,1,40.0,172,7.225,0,3,33,17,3,0,1,36,False,False,False,True,False,False,False,True
662,663,0,1,1,47.0,496,25.5875,2,3,121,26,4,0,1,128,False,False,False,True,False,False,False,True
663,664,0,3,1,36.0,357,7.4958,2,3,118,16,3,0,1,125,False,False,False,True,False,False,False,True
664,665,1,3,1,20.0,660,7.925,2,3,349,27,4,0,2,372,False,False,False,True,False,False,False,True
665,666,0,2,1,32.0,621,73.5,2,3,257,18,3,0,3,274,False,False,False,True,False,False,False,True
666,667,0,2,1,25.0,123,13.0,2,3,81,27,4,0,1,86,False,False,False,True,False,False,False,True
667,668,0,3,1,28.0,256,7.775,2,3,518,26,4,0,1,549,False,False,False,True,False,False,False,True
668,669,0,3,1,43.0,529,8.05,2,3,127,15,3,0,1,134,False,False,False,True,False,False,False,True
669,670,1,1,0,28.0,99,52.0,2,4,596,49,7,1,2,628,False,False,False,False,True,False,False,True
670,671,1,2,0,40.0,240,39.0,2,4,76,61,8,1,3,81,False,False,False,False,True,False,False,True
671,672,0,1,1,31.0,569,52.0,2,3,146,22,3,0,2,153,False,False,False,True,False,False,False,True
672,673,0,2,1,70.0,550,10.5,2,3,401,27,4,0,1,426,False,False,False,True,False,False,False,True
673,674,1,2,1,31.0,145,13.0,2,3,645,21,3,0,1,678,False,False,False,True,False,False,False,True
674,675,0,2,1,28.0,138,0.0,2,3,632,26,4,0,1,665,False,False,False,True,False,False,False,True
675,676,0,3,1,18.0,397,7.775,2,3,169,30,4,0,1,177,False,False,False,True,False,False,False,True
676,677,0,3,1,24.5,294,8.05,2,3,539,29,4,0,1,570,False,False,False,True,False,False,False,True
677,678,1,3,0,18.0,493,9.8417,2,2,615,23,4,0,1,647,False,False,True,False,False,False,False,True
678,679,0,3,0,43.0,566,46.9,2,4,220,39,5,1,8,230,False,False,False,False,True,False,True,False
679,680,1,1,1,36.0,608,512.3292,0,3,96,34,5,0,2,101,False,False,False,True,False,False,False,True
680,681,0,3,0,28.0,281,8.1375,1,2,483,19,3,0,1,512,False,False,True,False,False,False,False,True
681,682,1,1,1,27.0,587,76.7292,0,3,244,18,3,0,1,260,False,False,False,True,False,False,False,True
682,683,0,3,1,20.0,500,9.225,2,3,455,27,4,0,1,484,False,False,False,True,False,False,False,True
683,684,0,3,1,14.0,566,46.9,2,3,220,27,4,0,8,230,False,False,False,True,False,False,True,False
684,685,0,2,1,60.0,240,39.0,2,3,76,33,5,0,3,81,False,False,False,True,False,False,False,True
685,686,0,2,1,25.0,634,41.5792,0,3,327,38,5,0,4,350,False,False,False,True,False,False,True,False
686,687,0,3,1,14.0,249,39.6875,2,3,464,24,4,0,6,493,False,False,False,True,False,False,True,False
687,688,0,3,1,19.0,372,10.1708,2,3,140,17,3,0,1,147,False,False,False,True,False,False,False,True
688,689,0,3,1,18.0,403,7.7958,2,3,183,31,4,0,1,192,False,False,False,True,False,False,False,True
689,690,1,1,0,15.0,141,211.3375,2,2,362,33,4,0,2,385,False,False,True,False,False,False,False,True
690,691,1,1,1,31.0,89,57.0,2,3,154,23,4,0,2,162,False,False,False,True,False,False,False,True
691,692,1,3,0,4.0,393,13.4167,0,2,302,18,3,0,2,325,False,False,True,False,False,False,False,True
692,693,1,3,1,28.0,80,56.4958,2,3,324,12,3,0,1,347,False,False,False,True,False,False,False,True
693,694,0,3,1,25.0,200,7.225,0,3,529,16,3,0,1,560,False,False,False,True,False,False,False,True
694,695,0,1,1,60.0,48,26.55,2,5,635,15,3,0,1,668,False,False,False,False,False,True,False,True
695,696,0,2,1,52.0,156,13.5,2,3,105,26,4,0,1,111,False,False,False,True,False,False,False,True
696,697,0,3,1,44.0,425,8.05,2,3,306,16,3,0,1,329,False,False,False,True,False,False,False,True
697,698,1,3,0,28.0,419,7.7333,1,2,418,32,4,0,1,444,False,False,True,False,False,False,False,True
698,699,0,1,1,49.0,83,110.8833,0,3,597,24,4,0,3,629,False,False,False,True,False,False,False,True
699,700,0,3,1,42.0,346,7.65,2,3,272,40,6,0,1,291,False,False,False,True,False,False,False,True
700,701,1,1,0,18.0,610,227.525,0,4,26,49,7,1,2,28,False,False,False,False,True,False,False,True
701,702,1,1,1,35.0,579,26.2875,2,3,552,32,4,0,1,583,False,False,False,True,False,False,False,True
702,703,0,3,0,18.0,211,14.4542,0,2,39,21,3,0,2,42,False,False,True,False,False,False,False,True
703,704,0,3,1,25.0,449,7.7417,1,3,201,21,3,0,1,211,False,False,False,True,False,False,False,True
704,705,0,3,1,26.0,398,7.8542,2,3,235,23,4,0,2,248,False,False,False,True,False,False,False,True
705,706,0,2,1,39.0,170,26.0,2,3,411,46,7,1,1,437,False,False,False,True,False,False,False,True
706,707,1,2,0,45.0,108,13.5,2,4,306,29,4,0,1,329,False,False,False,False,True,False,False,True
707,708,1,1,1,42.0,580,26.2875,2,3,87,33,4,0,1,92,False,False,False,True,False,False,False,True
708,709,1,1,0,22.0,37,151.55,2,2,114,20,3,0,1,121,False,False,True,False,False,False,False,True
709,710,1,3,1,3.5,189,15.2458,0,1,414,49,6,1,3,440,False,True,False,False,False,False,False,True
710,711,1,1,0,24.0,582,49.5042,0,2,377,48,7,1,1,400,False,False,True,False,False,False,False,True
711,712,0,1,1,28.0,19,26.55,2,3,315,18,3,0,1,338,False,False,False,True,False,False,False,True
712,713,1,1,1,48.0,99,52.0,2,3,596,24,4,0,2,628,False,False,False,True,False,False,False,True
713,714,0,3,1,29.0,506,9.4833,2,3,328,26,4,0,1,351,False,False,False,True,False,False,False,True
714,715,0,2,1,52.0,164,13.0,2,3,223,21,3,0,1,234,False,False,False,True,False,False,False,True
715,716,0,3,1,19.0,348,7.65,2,3,573,42,6,0,1,604,False,False,False,True,False,False,False,True
716,717,1,1,0,38.0,610,227.525,0,2,177,29,4,0,1,186,False,False,True,False,False,False,False,True
717,718,1,2,0,27.0,293,10.5,2,2,613,35,5,0,1,645,False,False,True,False,False,False,False,True
718,719,0,3,1,28.0,440,15.5,1,3,382,19,3,0,1,405,False,False,False,True,False,False,False,True
719,720,0,3,1,33.0,319,7.775,2,3,292,28,4,0,1,313,False,False,False,True,False,False,False,True
720,721,1,2,0,6.0,155,33.0,2,2,239,33,5,0,2,253,False,False,True,False,False,False,False,True
721,722,0,3,1,17.0,408,7.0542,2,3,286,25,4,0,2,307,False,False,False,True,False,False,False,True
722,723,0,2,1,34.0,65,13.0,2,3,212,28,4,0,1,222,False,False,False,True,False,False,False,True
723,724,0,2,1,50.0,161,13.0,2,3,261,23,4,0,1,279,False,False,False,True,False,False,False,True
724,725,1,1,1,27.0,51,53.1,2,3,104,29,4,0,2,110,False,False,False,True,False,False,False,True
725,726,0,3,1,20.0,266,8.6625,2,3,456,19,3,0,1,485,False,False,False,True,False,False,False,True
726,727,1,2,0,30.0,252,21.0,2,4,502,43,6,1,4,532,False,False,False,False,True,False,True,False
727,728,1,3,0,28.0,451,7.7375,1,2,370,24,3,0,1,393,False,False,True,False,False,False,False,True
728,729,0,2,1,25.0,127,26.0,2,3,77,31,5,0,2,82,False,False,False,True,False,False,False,True
729,730,0,3,0,25.0,667,7.925,2,2,277,29,4,0,2,296,False,False,True,False,False,False,False,True
730,731,1,1,0,29.0,141,211.3375,2,2,11,29,4,0,1,11,False,False,True,False,False,False,False,True
731,732,0,3,1,11.0,216,18.7875,0,3,245,24,5,0,1,261,False,False,False,True,False,False,False,True
732,733,0,2,1,28.0,137,0.0,2,3,317,20,4,0,1,340,False,False,False,True,False,False,False,True
733,734,0,2,1,23.0,228,13.0,2,3,55,26,4,0,1,58,False,False,False,True,False,False,False,True
734,735,0,2,1,23.0,119,13.0,2,3,611,28,4,0,1,643,False,False,False,True,False,False,False,True
735,736,0,3,1,28.5,495,16.1,2,3,647,20,3,0,1,681,False,False,False,True,False,False,False,True
736,737,0,3,0,48.0,676,34.375,2,4,187,39,6,1,5,196,False,False,False,False,True,False,True,False
737,738,1,1,1,35.0,608,512.3292,0,3,341,22,4,0,1,364,False,False,False,True,False,False,False,True
738,739,0,3,1,28.0,349,7.8958,2,3,279,18,3,0,1,298,False,False,False,True,False,False,False,True
739,740,0,3,1,28.0,364,7.8958,2,3,425,18,3,0,1,451,False,False,False,True,False,False,False,True
740,741,1,1,1,28.0,82,30.0,2,3,246,27,4,0,1,262,False,False,False,True,False,False,False,True
741,742,0,1,1,36.0,91,78.85,2,3,101,29,4,0,2,107,False,False,False,True,False,False,False,True
742,743,1,1,0,21.0,602,262.375,0,2,528,37,5,0,5,559,False,False,True,False,False,False,True,False
743,744,0,3,1,24.0,477,16.1,2,3,388,17,3,0,2,411,False,False,False,True,False,False,False,True
744,745,1,3,1,31.0,662,7.925,2,3,587,18,3,0,1,618,False,False,False,True,False,False,False,True
745,746,0,1,1,70.0,680,71.0,2,5,134,28,4,0,3,141,False,False,False,False,False,True,False,True
746,747,0,3,1,16.0,551,20.25,2,3,1,27,4,0,3,1,False,False,False,True,False,False,False,True
747,748,1,2,0,30.0,165,13.0,2,2,556,21,3,0,1,587,False,False,True,False,False,False,False,True
748,749,0,1,1,19.0,35,53.1,2,3,374,25,4,0,2,397,False,False,False,True,False,False,False,True
749,750,0,3,1,31.0,287,7.75,1,3,124,23,3,0,1,131,False,False,False,True,False,False,False,True
750,751,1,2,0,4.0,234,23.0,2,2,637,17,3,0,3,670,False,False,True,False,False,False,False,True
751,752,1,3,1,6.0,486,12.475,2,1,407,19,3,0,2,432,False,True,False,False,False,False,False,True
752,753,0,3,1,33.0,312,9.5,2,3,621,32,5,0,1,653,False,False,False,True,False,False,False,True
753,754,0,3,1,23.0,351,7.8958,2,3,294,18,3,0,1,316,False,False,False,True,False,False,False,True
754,755,1,2,0,48.0,106,65.0,2,4,255,32,5,1,4,272,False,False,False,False,True,False,True,False
755,756,1,2,1,0.67,166,14.5,2,1,232,25,3,0,3,244,False,True,False,False,False,False,False,True
756,757,0,3,1,28.0,404,7.7958,2,3,97,28,4,0,1,102,False,False,False,True,False,False,False,True
757,758,0,2,1,18.0,238,11.5,2,3,34,24,4,0,1,37,False,False,False,True,False,False,False,True
758,759,0,3,1,34.0,424,8.05,2,3,598,28,4,0,1,630,False,False,False,True,False,False,False,True
759,760,1,1,0,33.0,0,86.5,2,7,522,56,8,1,1,553,False,False,False,False,False,True,False,True
760,761,0,3,1,28.0,420,14.5,2,3,202,18,3,0,1,212,False,False,False,True,False,False,False,True
761,762,0,3,1,41.0,646,7.125,2,3,436,30,5,0,1,463,False,False,False,True,False,False,False,True
762,763,1,3,1,20.0,191,7.2292,0,3,38,21,4,0,1,41,False,False,False,True,False,False,False,True
763,764,1,1,0,36.0,33,120.0,2,4,100,41,6,1,4,106,False,False,False,False,True,False,True,False
764,765,0,3,1,16.0,327,7.775,2,3,171,22,4,0,1,179,False,False,False,True,False,False,False,True
765,766,1,1,0,51.0,71,77.9583,2,4,262,36,6,1,2,280,False,False,False,False,True,False,False,True
766,767,0,1,1,28.0,18,39.6,0,5,74,25,4,0,1,78,False,False,False,False,False,True,False,True
767,768,0,3,0,30.5,436,7.75,1,2,369,18,3,0,1,392,False,False,True,False,False,False,False,True
768,769,0,3,1,28.0,469,24.15,1,3,409,19,4,0,2,435,False,False,False,True,False,False,False,True
769,770,0,3,1,32.0,511,8.3625,2,3,225,32,4,0,1,236,False,False,False,True,False,False,False,True
770,771,0,3,1,24.0,313,9.5,2,3,345,22,4,0,1,368,False,False,False,True,False,False,False,True
771,772,0,3,1,48.0,407,7.8542,2,3,286,23,4,0,1,306,False,False,False,True,False,False,False,True
772,773,0,2,0,57.0,619,10.5,2,4,360,17,3,1,1,383,False,False,False,False,True,False,False,True
773,774,0,3,1,28.0,201,7.225,0,3,173,15,3,0,1,181,False,False,False,True,False,False,False,True
774,775,1,2,0,54.0,236,23.0,2,4,260,37,5,1,5,278,False,False,False,False,True,False,True,False
775,776,0,3,1,18.0,330,7.75,2,3,421,39,6,0,1,447,False,False,False,True,False,False,False,True
776,777,0,3,1,28.0,481,7.75,1,3,603,16,3,0,1,635,False,False,False,True,False,False,False,True
777,778,1,3,0,5.0,432,12.475,2,2,175,29,4,0,1,184,False,False,True,False,False,False,False,True
778,779,0,3,1,28.0,450,7.7375,1,3,310,23,4,0,1,333,False,False,False,True,False,False,False,True
779,780,1,1,0,43.0,141,211.3375,2,4,513,53,7,1,2,544,False,False,False,False,True,False,False,True
780,781,1,3,0,13.0,208,7.2292,0,2,30,20,3,0,1,32,False,False,True,False,False,False,False,True
781,782,1,1,0,17.0,89,57.0,2,4,154,41,6,1,2,162,False,False,False,False,True,False,False,True
782,783,0,1,1,29.0,26,30.0,2,3,353,22,4,0,1,376,False,False,False,True,False,False,False,True
783,784,0,3,1,28.0,675,23.45,2,3,293,22,4,0,4,315,False,False,False,True,False,False,True,False
784,785,0,3,1,25.0,643,7.05,2,3,10,16,3,0,1,10,False,False,False,True,False,False,False,True
785,786,0,3,1,25.0,474,7.25,2,3,238,34,5,1,1,252,False,False,False,True,False,False,False,True
786,787,1,3,0,18.0,243,7.4958,2,2,561,25,4,0,1,592,False,False,True,False,False,False,False,True
787,788,0,3,1,8.0,480,29.125,1,1,505,25,4,0,6,535,False,True,False,False,False,False,True,False
788,789,1,3,1,1.0,548,20.575,2,1,150,26,4,0,4,158,False,True,False,False,False,False,True,False
789,790,0,1,1,46.0,592,79.2,0,3,226,24,3,0,1,237,False,False,False,True,False,False,False,True
790,791,0,3,1,28.0,66,7.75,1,3,304,24,4,0,1,327,False,False,False,True,False,False,False,True
791,792,0,2,1,16.0,139,26.0,2,3,204,19,3,0,1,214,False,False,False,True,False,False,False,True
792,793,0,3,0,28.0,568,69.55,2,2,532,23,4,0,11,563,False,False,True,False,False,False,True,False
793,794,0,1,1,28.0,597,30.6958,0,3,271,24,4,0,1,289,False,False,False,True,False,False,False,True
794,795,0,3,1,25.0,350,7.8958,2,3,145,21,3,0,1,152,False,False,False,True,False,False,False,True
795,796,0,2,1,39.0,223,13.0,2,3,460,18,3,0,1,489,False,False,False,True,False,False,False,True
796,797,1,1,0,49.0,87,25.9292,2,5,330,27,4,1,1,353,False,False,False,False,False,True,False,True
797,798,1,3,0,31.0,383,8.6833,2,4,458,16,3,0,1,487,False,False,False,False,True,False,False,True
798,799,0,3,1,30.0,206,7.2292,0,3,274,28,4,0,1,293,False,False,False,True,False,False,False,True
799,800,0,3,0,30.0,307,24.15,2,4,619,52,8,1,3,651,False,False,False,False,True,False,False,True
800,801,0,2,1,34.0,164,13.0,2,3,493,20,3,0,1,522,False,False,False,True,False,False,False,True
801,802,1,2,0,31.0,556,26.25,2,4,122,43,6,1,3,129,False,False,False,False,True,False,False,True
802,803,1,1,1,11.0,33,120.0,2,1,100,35,5,0,4,106,False,True,False,False,False,False,True,False
803,804,1,3,1,0.42,174,8.5167,0,1,599,31,4,0,2,631,False,True,False,False,False,False,False,True
804,805,1,3,1,27.0,338,6.975,2,3,249,23,4,0,1,266,False,False,False,True,False,False,False,True
805,806,0,3,1,31.0,320,7.775,2,3,291,25,4,0,1,312,False,False,False,True,False,False,False,True
806,807,0,1,1,39.0,12,0.0,2,3,19,22,4,0,1,20,False,False,False,True,False,False,False,True
807,808,0,3,0,18.0,336,7.775,2,2,487,31,4,0,1,516,False,False,True,False,False,False,False,True
808,809,0,2,1,39.0,154,13.0,2,3,395,17,3,0,1,418,False,False,False,True,False,False,False,True
809,810,1,1,0,33.0,51,53.1,2,4,104,46,6,1,2,110,False,False,False,False,True,False,False,True
810,811,0,3,1,26.0,339,7.8875,2,3,8,22,3,0,1,8,False,False,False,True,False,False,False,True
811,812,0,3,1,39.0,519,24.15,2,3,340,17,3,0,1,363,False,False,False,True,False,False,False,True
812,813,0,2,1,35.0,222,10.5,2,3,566,25,4,0,1,597,False,False,False,True,False,False,False,True
813,814,0,3,0,6.0,333,31.275,2,2,16,34,5,0,7,17,False,False,True,False,False,False,True,False
814,815,0,3,1,30.5,427,8.05,2,3,605,26,4,0,1,637,False,False,False,True,False,False,False,True
815,816,0,1,1,28.0,15,0.0,2,3,196,16,3,0,1,206,False,False,False,True,False,False,False,True
816,817,0,3,0,23.0,671,7.925,2,2,252,28,4,0,1,269,False,False,True,False,False,False,False,True
817,818,0,2,1,31.0,618,37.0042,0,3,367,18,3,0,3,390,False,False,False,True,False,False,False,True
818,819,0,3,1,43.0,543,6.45,2,3,264,32,5,0,1,282,False,False,False,True,False,False,False,True
819,820,0,3,1,10.0,337,27.9,2,1,563,28,4,0,6,594,False,True,False,False,False,False,True,False
820,821,1,1,0,52.0,67,93.5,2,4,247,50,7,1,3,264,False,False,False,False,True,False,False,True
821,822,1,3,1,27.0,269,8.6625,2,3,357,17,3,0,1,380,False,False,False,True,False,False,False,True
822,823,0,1,1,38.0,97,0.0,2,6,503,31,4,0,1,533,False,False,False,False,False,True,False,True
823,824,1,3,0,27.0,486,12.475,2,4,407,18,3,1,2,432,False,False,False,False,True,False,False,True
824,825,0,3,1,2.0,249,39.6875,2,1,464,28,4,0,6,493,False,True,False,False,False,False,True,False
825,826,0,3,1,28.0,448,6.95,1,3,185,15,3,0,1,194,False,False,False,True,False,False,False,True
826,827,0,3,1,28.0,80,56.4958,2,3,324,12,3,0,1,347,False,False,False,True,False,False,False,True
827,828,1,2,1,1.0,618,37.0042,0,1,367,21,3,0,3,390,False,True,False,False,False,False,False,True
828,829,1,3,1,28.0,442,7.75,1,3,379,28,4,0,1,402,False,False,False,True,False,False,False,True
829,830,1,1,0,62.0,32,80.0,2,4,584,41,6,1,1,615,False,False,False,False,True,False,False,True
830,831,1,3,0,15.0,188,14.4542,0,4,653,39,5,1,2,687,False,False,False,False,True,False,False,True
831,832,1,2,1,0.83,237,18.75,2,1,507,31,4,0,3,537,False,True,False,False,False,False,False,True
832,833,0,3,1,28.0,199,7.2292,0,3,529,14,3,0,1,560,False,False,False,True,False,False,False,True
833,834,0,3,1,23.0,342,7.8542,2,3,29,22,3,0,1,31,False,False,False,True,False,False,False,True
834,835,0,3,1,18.0,107,8.3,2,3,13,22,4,0,1,13,False,False,False,True,False,False,False,True
835,836,1,1,0,39.0,609,83.1583,0,2,123,27,4,0,3,130,False,False,True,False,False,False,False,True
836,837,0,3,1,21.0,268,8.6625,2,3,469,16,3,0,1,498,False,False,False,True,False,False,False,True
837,838,0,3,1,28.0,485,8.05,2,3,558,19,3,0,1,589,False,False,False,True,False,False,False,True
838,839,1,3,1,32.0,80,56.4958,2,3,109,15,3,0,1,116,False,False,False,True,False,False,False,True
839,840,1,1,1,28.0,62,29.7,0,3,371,20,3,0,1,394,False,False,False,True,False,False,False,True
840,841,0,3,1,20.0,647,7.925,2,3,9,27,4,0,1,9,False,False,False,True,False,False,False,True
841,842,0,2,1,16.0,619,10.5,2,3,417,24,4,0,1,443,False,False,False,True,False,False,False,True
842,843,1,1,0,30.0,47,31.0,0,2,543,23,3,0,1,574,False,False,True,False,False,False,False,True
843,844,0,3,1,34.5,205,6.4375,0,3,336,26,4,0,1,359,False,False,False,True,False,False,False,True
844,845,0,3,1,17.0,264,8.6625,2,3,135,19,3,0,1,142,False,False,False,True,False,False,False,True
845,846,0,3,1,42.0,563,7.55,2,3,0,19,3,0,1,0,False,False,False,True,False,False,False,True
846,847,0,3,1,28.0,568,69.55,2,3,532,24,4,0,11,563,False,False,False,True,False,False,True,False
847,848,0,3,1,35.0,359,7.8958,0,3,372,18,3,0,1,395,False,False,False,True,False,False,False,True
848,849,0,2,1,28.0,155,33.0,2,0,239,17,3,0,2,253,True,False,False,False,False,False,False,True
849,850,1,1,0,28.0,84,89.1042,0,4,216,44,6,1,2,226,False,False,False,False,True,False,False,True
850,851,0,3,1,4.0,333,31.275,2,1,16,39,5,0,7,17,False,True,False,False,False,False,True,False
851,852,0,3,1,74.0,317,7.775,2,3,593,19,3,0,1,625,False,False,False,True,False,False,False,True
852,853,0,3,0,9.0,203,15.2458,0,2,67,23,3,0,3,71,False,False,True,False,False,False,False,True
853,854,1,1,0,16.0,591,39.4,2,2,350,25,4,0,2,373,False,False,True,False,False,False,False,True
854,855,0,2,0,44.0,144,26.0,2,4,100,45,6,1,2,105,False,False,False,False,True,False,False,True
855,856,1,3,0,18.0,484,9.35,2,4,6,26,5,1,2,6,False,False,False,False,True,False,False,True
856,857,1,1,0,45.0,453,164.8667,2,4,641,42,6,1,3,674,False,False,False,False,True,False,False,True
857,858,1,1,1,51.0,23,26.55,2,3,141,22,4,0,1,148,False,False,False,True,False,False,False,True
858,859,1,3,0,24.0,194,19.2583,0,4,32,37,5,1,4,35,False,False,False,False,True,False,True,False
859,860,0,3,1,28.0,178,7.2292,0,3,498,16,3,0,1,527,False,False,False,True,False,False,False,True
860,861,0,3,1,41.0,399,14.1083,2,3,235,23,4,0,3,249,False,False,False,True,False,False,False,True
861,862,0,2,1,21.0,221,11.5,2,3,209,27,4,0,2,219,False,False,False,True,False,False,False,True
862,863,1,1,0,48.0,88,25.9292,2,4,594,51,7,1,1,626,False,False,False,False,True,False,False,True
863,864,0,3,0,28.0,568,69.55,2,2,532,33,5,0,11,563,False,False,True,False,False,False,True,False
864,865,0,2,1,24.0,120,13.0,2,3,211,22,4,0,1,221,False,False,False,True,False,False,False,True
865,866,1,2,0,42.0,126,13.0,2,4,84,24,3,1,1,89,False,False,False,False,True,False,False,True
866,867,1,2,0,27.0,632,13.8583,0,2,168,28,5,0,2,176,False,False,True,False,False,False,False,True
867,868,0,1,1,31.0,590,50.4958,2,3,515,36,5,0,1,546,False,False,False,True,False,False,False,True
868,869,0,3,1,28.0,309,9.5,2,3,666,27,4,0,1,700,False,False,False,True,False,False,False,True
869,870,1,3,1,4.0,344,11.1333,2,1,292,31,4,0,3,314,False,True,False,False,False,False,False,True
870,871,0,3,1,26.0,387,7.8958,2,3,35,17,3,0,1,38,False,False,False,True,False,False,False,True
871,872,1,1,0,47.0,54,52.5542,2,4,50,48,6,1,3,53,False,False,False,False,True,False,False,True
872,873,0,1,1,33.0,502,5.0,2,3,97,24,4,0,1,102,False,False,False,True,False,False,False,True
873,874,0,3,1,47.0,303,9.0,2,3,624,27,4,0,1,656,False,False,False,True,False,False,False,True
874,875,1,2,0,28.0,575,24.0,0,4,2,37,5,1,2,2,False,False,False,False,True,False,False,True
875,876,1,3,0,15.0,195,7.225,0,2,423,32,5,0,1,449,False,False,True,False,False,False,False,True
876,877,0,3,1,20.0,504,9.8458,2,3,227,29,4,0,1,238,False,False,False,True,False,False,False,True
877,878,0,3,1,19.0,358,7.8958,2,3,485,20,3,0,1,514,False,False,False,True,False,False,False,True
878,879,0,3,1,28.0,363,7.8958,2,3,323,18,3,0,1,346,False,False,False,True,False,False,False,True
879,880,1,1,0,56.0,59,83.1583,0,4,495,45,7,1,2,524,False,False,False,False,True,False,False,True
880,881,1,2,0,25.0,115,26.0,2,4,548,44,6,1,2,579,False,False,False,False,True,False,False,True
881,882,0,3,1,33.0,394,7.8958,2,3,373,18,3,0,1,396,False,False,False,True,False,False,False,True
882,883,0,3,0,22.0,508,10.5167,2,2,139,28,4,0,1,146,False,False,True,False,False,False,False,True
883,884,0,2,1,28.0,565,10.5,2,3,37,29,4,0,1,40,False,False,False,True,False,False,False,True
884,885,0,3,1,25.0,650,7.05,2,3,591,22,4,0,1,623,False,False,False,True,False,False,False,True
885,886,0,3,0,39.0,480,29.125,1,4,505,36,5,1,6,535,False,False,False,False,True,False,True,False
886,887,0,2,1,27.0,101,13.0,2,0,406,21,3,0,1,431,True,False,False,False,False,False,False,True
887,888,1,1,0,19.0,14,30.0,2,2,221,28,4,0,1,231,False,False,True,False,False,False,False,True
888,889,0,3,0,28.0,675,23.45,2,2,293,40,5,0,4,315,False,False,True,False,False,False,True,False
889,890,1,1,1,26.0,8,30.0,0,3,52,21,4,0,1,55,False,False,False,True,False,False,False,True
890,891,0,3,1,32.0,466,7.75,1,3,159,19,3,0,1,167,False,False,False,True,False,False,False,True
